//! Generated by tools/gen_unicode.py from Python 3.14.5 `unicodedata` 16.0.0. Do not edit.
//!
//! LETTER, NUMBER and MARK are Unicode 16.0.0 (Oniguruma's tables in tokenizers). The NFC tables are
//! restricted to Unicode 9.0 (unicode-normalization-alignments in tokenizers).

/// General_Category L*, inclusive ranges.
#[rustfmt::skip]
pub(crate) static LETTER: &[(u32, u32)] = &[
    (0x41, 0x5A), (0x61, 0x7A), (0xAA, 0xAA), (0xB5, 0xB5), (0xBA, 0xBA), (0xC0, 0xD6), (0xD8, 0xF6),
    (0xF8, 0x2C1), (0x2C6, 0x2D1), (0x2E0, 0x2E4), (0x2EC, 0x2EC), (0x2EE, 0x2EE), (0x370, 0x374), (0x376, 0x377),
    (0x37A, 0x37D), (0x37F, 0x37F), (0x386, 0x386), (0x388, 0x38A), (0x38C, 0x38C), (0x38E, 0x3A1), (0x3A3, 0x3F5),
    (0x3F7, 0x481), (0x48A, 0x52F), (0x531, 0x556), (0x559, 0x559), (0x560, 0x588), (0x5D0, 0x5EA), (0x5EF, 0x5F2),
    (0x620, 0x64A), (0x66E, 0x66F), (0x671, 0x6D3), (0x6D5, 0x6D5), (0x6E5, 0x6E6), (0x6EE, 0x6EF), (0x6FA, 0x6FC),
    (0x6FF, 0x6FF), (0x710, 0x710), (0x712, 0x72F), (0x74D, 0x7A5), (0x7B1, 0x7B1), (0x7CA, 0x7EA), (0x7F4, 0x7F5),
    (0x7FA, 0x7FA), (0x800, 0x815), (0x81A, 0x81A), (0x824, 0x824), (0x828, 0x828), (0x840, 0x858), (0x860, 0x86A),
    (0x870, 0x887), (0x889, 0x88E), (0x8A0, 0x8C9), (0x904, 0x939), (0x93D, 0x93D), (0x950, 0x950), (0x958, 0x961),
    (0x971, 0x980), (0x985, 0x98C), (0x98F, 0x990), (0x993, 0x9A8), (0x9AA, 0x9B0), (0x9B2, 0x9B2), (0x9B6, 0x9B9),
    (0x9BD, 0x9BD), (0x9CE, 0x9CE), (0x9DC, 0x9DD), (0x9DF, 0x9E1), (0x9F0, 0x9F1), (0x9FC, 0x9FC), (0xA05, 0xA0A),
    (0xA0F, 0xA10), (0xA13, 0xA28), (0xA2A, 0xA30), (0xA32, 0xA33), (0xA35, 0xA36), (0xA38, 0xA39), (0xA59, 0xA5C),
    (0xA5E, 0xA5E), (0xA72, 0xA74), (0xA85, 0xA8D), (0xA8F, 0xA91), (0xA93, 0xAA8), (0xAAA, 0xAB0), (0xAB2, 0xAB3),
    (0xAB5, 0xAB9), (0xABD, 0xABD), (0xAD0, 0xAD0), (0xAE0, 0xAE1), (0xAF9, 0xAF9), (0xB05, 0xB0C), (0xB0F, 0xB10),
    (0xB13, 0xB28), (0xB2A, 0xB30), (0xB32, 0xB33), (0xB35, 0xB39), (0xB3D, 0xB3D), (0xB5C, 0xB5D), (0xB5F, 0xB61),
    (0xB71, 0xB71), (0xB83, 0xB83), (0xB85, 0xB8A), (0xB8E, 0xB90), (0xB92, 0xB95), (0xB99, 0xB9A), (0xB9C, 0xB9C),
    (0xB9E, 0xB9F), (0xBA3, 0xBA4), (0xBA8, 0xBAA), (0xBAE, 0xBB9), (0xBD0, 0xBD0), (0xC05, 0xC0C), (0xC0E, 0xC10),
    (0xC12, 0xC28), (0xC2A, 0xC39), (0xC3D, 0xC3D), (0xC58, 0xC5A), (0xC5D, 0xC5D), (0xC60, 0xC61), (0xC80, 0xC80),
    (0xC85, 0xC8C), (0xC8E, 0xC90), (0xC92, 0xCA8), (0xCAA, 0xCB3), (0xCB5, 0xCB9), (0xCBD, 0xCBD), (0xCDD, 0xCDE),
    (0xCE0, 0xCE1), (0xCF1, 0xCF2), (0xD04, 0xD0C), (0xD0E, 0xD10), (0xD12, 0xD3A), (0xD3D, 0xD3D), (0xD4E, 0xD4E),
    (0xD54, 0xD56), (0xD5F, 0xD61), (0xD7A, 0xD7F), (0xD85, 0xD96), (0xD9A, 0xDB1), (0xDB3, 0xDBB), (0xDBD, 0xDBD),
    (0xDC0, 0xDC6), (0xE01, 0xE30), (0xE32, 0xE33), (0xE40, 0xE46), (0xE81, 0xE82), (0xE84, 0xE84), (0xE86, 0xE8A),
    (0xE8C, 0xEA3), (0xEA5, 0xEA5), (0xEA7, 0xEB0), (0xEB2, 0xEB3), (0xEBD, 0xEBD), (0xEC0, 0xEC4), (0xEC6, 0xEC6),
    (0xEDC, 0xEDF), (0xF00, 0xF00), (0xF40, 0xF47), (0xF49, 0xF6C), (0xF88, 0xF8C), (0x1000, 0x102A), (0x103F, 0x103F),
    (0x1050, 0x1055), (0x105A, 0x105D), (0x1061, 0x1061), (0x1065, 0x1066), (0x106E, 0x1070), (0x1075, 0x1081), (0x108E, 0x108E),
    (0x10A0, 0x10C5), (0x10C7, 0x10C7), (0x10CD, 0x10CD), (0x10D0, 0x10FA), (0x10FC, 0x1248), (0x124A, 0x124D), (0x1250, 0x1256),
    (0x1258, 0x1258), (0x125A, 0x125D), (0x1260, 0x1288), (0x128A, 0x128D), (0x1290, 0x12B0), (0x12B2, 0x12B5), (0x12B8, 0x12BE),
    (0x12C0, 0x12C0), (0x12C2, 0x12C5), (0x12C8, 0x12D6), (0x12D8, 0x1310), (0x1312, 0x1315), (0x1318, 0x135A), (0x1380, 0x138F),
    (0x13A0, 0x13F5), (0x13F8, 0x13FD), (0x1401, 0x166C), (0x166F, 0x167F), (0x1681, 0x169A), (0x16A0, 0x16EA), (0x16F1, 0x16F8),
    (0x1700, 0x1711), (0x171F, 0x1731), (0x1740, 0x1751), (0x1760, 0x176C), (0x176E, 0x1770), (0x1780, 0x17B3), (0x17D7, 0x17D7),
    (0x17DC, 0x17DC), (0x1820, 0x1878), (0x1880, 0x1884), (0x1887, 0x18A8), (0x18AA, 0x18AA), (0x18B0, 0x18F5), (0x1900, 0x191E),
    (0x1950, 0x196D), (0x1970, 0x1974), (0x1980, 0x19AB), (0x19B0, 0x19C9), (0x1A00, 0x1A16), (0x1A20, 0x1A54), (0x1AA7, 0x1AA7),
    (0x1B05, 0x1B33), (0x1B45, 0x1B4C), (0x1B83, 0x1BA0), (0x1BAE, 0x1BAF), (0x1BBA, 0x1BE5), (0x1C00, 0x1C23), (0x1C4D, 0x1C4F),
    (0x1C5A, 0x1C7D), (0x1C80, 0x1C8A), (0x1C90, 0x1CBA), (0x1CBD, 0x1CBF), (0x1CE9, 0x1CEC), (0x1CEE, 0x1CF3), (0x1CF5, 0x1CF6),
    (0x1CFA, 0x1CFA), (0x1D00, 0x1DBF), (0x1E00, 0x1F15), (0x1F18, 0x1F1D), (0x1F20, 0x1F45), (0x1F48, 0x1F4D), (0x1F50, 0x1F57),
    (0x1F59, 0x1F59), (0x1F5B, 0x1F5B), (0x1F5D, 0x1F5D), (0x1F5F, 0x1F7D), (0x1F80, 0x1FB4), (0x1FB6, 0x1FBC), (0x1FBE, 0x1FBE),
    (0x1FC2, 0x1FC4), (0x1FC6, 0x1FCC), (0x1FD0, 0x1FD3), (0x1FD6, 0x1FDB), (0x1FE0, 0x1FEC), (0x1FF2, 0x1FF4), (0x1FF6, 0x1FFC),
    (0x2071, 0x2071), (0x207F, 0x207F), (0x2090, 0x209C), (0x2102, 0x2102), (0x2107, 0x2107), (0x210A, 0x2113), (0x2115, 0x2115),
    (0x2119, 0x211D), (0x2124, 0x2124), (0x2126, 0x2126), (0x2128, 0x2128), (0x212A, 0x212D), (0x212F, 0x2139), (0x213C, 0x213F),
    (0x2145, 0x2149), (0x214E, 0x214E), (0x2183, 0x2184), (0x2C00, 0x2CE4), (0x2CEB, 0x2CEE), (0x2CF2, 0x2CF3), (0x2D00, 0x2D25),
    (0x2D27, 0x2D27), (0x2D2D, 0x2D2D), (0x2D30, 0x2D67), (0x2D6F, 0x2D6F), (0x2D80, 0x2D96), (0x2DA0, 0x2DA6), (0x2DA8, 0x2DAE),
    (0x2DB0, 0x2DB6), (0x2DB8, 0x2DBE), (0x2DC0, 0x2DC6), (0x2DC8, 0x2DCE), (0x2DD0, 0x2DD6), (0x2DD8, 0x2DDE), (0x2E2F, 0x2E2F),
    (0x3005, 0x3006), (0x3031, 0x3035), (0x303B, 0x303C), (0x3041, 0x3096), (0x309D, 0x309F), (0x30A1, 0x30FA), (0x30FC, 0x30FF),
    (0x3105, 0x312F), (0x3131, 0x318E), (0x31A0, 0x31BF), (0x31F0, 0x31FF), (0x3400, 0x4DBF), (0x4E00, 0xA48C), (0xA4D0, 0xA4FD),
    (0xA500, 0xA60C), (0xA610, 0xA61F), (0xA62A, 0xA62B), (0xA640, 0xA66E), (0xA67F, 0xA69D), (0xA6A0, 0xA6E5), (0xA717, 0xA71F),
    (0xA722, 0xA788), (0xA78B, 0xA7CD), (0xA7D0, 0xA7D1), (0xA7D3, 0xA7D3), (0xA7D5, 0xA7DC), (0xA7F2, 0xA801), (0xA803, 0xA805),
    (0xA807, 0xA80A), (0xA80C, 0xA822), (0xA840, 0xA873), (0xA882, 0xA8B3), (0xA8F2, 0xA8F7), (0xA8FB, 0xA8FB), (0xA8FD, 0xA8FE),
    (0xA90A, 0xA925), (0xA930, 0xA946), (0xA960, 0xA97C), (0xA984, 0xA9B2), (0xA9CF, 0xA9CF), (0xA9E0, 0xA9E4), (0xA9E6, 0xA9EF),
    (0xA9FA, 0xA9FE), (0xAA00, 0xAA28), (0xAA40, 0xAA42), (0xAA44, 0xAA4B), (0xAA60, 0xAA76), (0xAA7A, 0xAA7A), (0xAA7E, 0xAAAF),
    (0xAAB1, 0xAAB1), (0xAAB5, 0xAAB6), (0xAAB9, 0xAABD), (0xAAC0, 0xAAC0), (0xAAC2, 0xAAC2), (0xAADB, 0xAADD), (0xAAE0, 0xAAEA),
    (0xAAF2, 0xAAF4), (0xAB01, 0xAB06), (0xAB09, 0xAB0E), (0xAB11, 0xAB16), (0xAB20, 0xAB26), (0xAB28, 0xAB2E), (0xAB30, 0xAB5A),
    (0xAB5C, 0xAB69), (0xAB70, 0xABE2), (0xAC00, 0xD7A3), (0xD7B0, 0xD7C6), (0xD7CB, 0xD7FB), (0xF900, 0xFA6D), (0xFA70, 0xFAD9),
    (0xFB00, 0xFB06), (0xFB13, 0xFB17), (0xFB1D, 0xFB1D), (0xFB1F, 0xFB28), (0xFB2A, 0xFB36), (0xFB38, 0xFB3C), (0xFB3E, 0xFB3E),
    (0xFB40, 0xFB41), (0xFB43, 0xFB44), (0xFB46, 0xFBB1), (0xFBD3, 0xFD3D), (0xFD50, 0xFD8F), (0xFD92, 0xFDC7), (0xFDF0, 0xFDFB),
    (0xFE70, 0xFE74), (0xFE76, 0xFEFC), (0xFF21, 0xFF3A), (0xFF41, 0xFF5A), (0xFF66, 0xFFBE), (0xFFC2, 0xFFC7), (0xFFCA, 0xFFCF),
    (0xFFD2, 0xFFD7), (0xFFDA, 0xFFDC), (0x10000, 0x1000B), (0x1000D, 0x10026), (0x10028, 0x1003A), (0x1003C, 0x1003D), (0x1003F, 0x1004D),
    (0x10050, 0x1005D), (0x10080, 0x100FA), (0x10280, 0x1029C), (0x102A0, 0x102D0), (0x10300, 0x1031F), (0x1032D, 0x10340), (0x10342, 0x10349),
    (0x10350, 0x10375), (0x10380, 0x1039D), (0x103A0, 0x103C3), (0x103C8, 0x103CF), (0x10400, 0x1049D), (0x104B0, 0x104D3), (0x104D8, 0x104FB),
    (0x10500, 0x10527), (0x10530, 0x10563), (0x10570, 0x1057A), (0x1057C, 0x1058A), (0x1058C, 0x10592), (0x10594, 0x10595), (0x10597, 0x105A1),
    (0x105A3, 0x105B1), (0x105B3, 0x105B9), (0x105BB, 0x105BC), (0x105C0, 0x105F3), (0x10600, 0x10736), (0x10740, 0x10755), (0x10760, 0x10767),
    (0x10780, 0x10785), (0x10787, 0x107B0), (0x107B2, 0x107BA), (0x10800, 0x10805), (0x10808, 0x10808), (0x1080A, 0x10835), (0x10837, 0x10838),
    (0x1083C, 0x1083C), (0x1083F, 0x10855), (0x10860, 0x10876), (0x10880, 0x1089E), (0x108E0, 0x108F2), (0x108F4, 0x108F5), (0x10900, 0x10915),
    (0x10920, 0x10939), (0x10980, 0x109B7), (0x109BE, 0x109BF), (0x10A00, 0x10A00), (0x10A10, 0x10A13), (0x10A15, 0x10A17), (0x10A19, 0x10A35),
    (0x10A60, 0x10A7C), (0x10A80, 0x10A9C), (0x10AC0, 0x10AC7), (0x10AC9, 0x10AE4), (0x10B00, 0x10B35), (0x10B40, 0x10B55), (0x10B60, 0x10B72),
    (0x10B80, 0x10B91), (0x10C00, 0x10C48), (0x10C80, 0x10CB2), (0x10CC0, 0x10CF2), (0x10D00, 0x10D23), (0x10D4A, 0x10D65), (0x10D6F, 0x10D85),
    (0x10E80, 0x10EA9), (0x10EB0, 0x10EB1), (0x10EC2, 0x10EC4), (0x10F00, 0x10F1C), (0x10F27, 0x10F27), (0x10F30, 0x10F45), (0x10F70, 0x10F81),
    (0x10FB0, 0x10FC4), (0x10FE0, 0x10FF6), (0x11003, 0x11037), (0x11071, 0x11072), (0x11075, 0x11075), (0x11083, 0x110AF), (0x110D0, 0x110E8),
    (0x11103, 0x11126), (0x11144, 0x11144), (0x11147, 0x11147), (0x11150, 0x11172), (0x11176, 0x11176), (0x11183, 0x111B2), (0x111C1, 0x111C4),
    (0x111DA, 0x111DA), (0x111DC, 0x111DC), (0x11200, 0x11211), (0x11213, 0x1122B), (0x1123F, 0x11240), (0x11280, 0x11286), (0x11288, 0x11288),
    (0x1128A, 0x1128D), (0x1128F, 0x1129D), (0x1129F, 0x112A8), (0x112B0, 0x112DE), (0x11305, 0x1130C), (0x1130F, 0x11310), (0x11313, 0x11328),
    (0x1132A, 0x11330), (0x11332, 0x11333), (0x11335, 0x11339), (0x1133D, 0x1133D), (0x11350, 0x11350), (0x1135D, 0x11361), (0x11380, 0x11389),
    (0x1138B, 0x1138B), (0x1138E, 0x1138E), (0x11390, 0x113B5), (0x113B7, 0x113B7), (0x113D1, 0x113D1), (0x113D3, 0x113D3), (0x11400, 0x11434),
    (0x11447, 0x1144A), (0x1145F, 0x11461), (0x11480, 0x114AF), (0x114C4, 0x114C5), (0x114C7, 0x114C7), (0x11580, 0x115AE), (0x115D8, 0x115DB),
    (0x11600, 0x1162F), (0x11644, 0x11644), (0x11680, 0x116AA), (0x116B8, 0x116B8), (0x11700, 0x1171A), (0x11740, 0x11746), (0x11800, 0x1182B),
    (0x118A0, 0x118DF), (0x118FF, 0x11906), (0x11909, 0x11909), (0x1190C, 0x11913), (0x11915, 0x11916), (0x11918, 0x1192F), (0x1193F, 0x1193F),
    (0x11941, 0x11941), (0x119A0, 0x119A7), (0x119AA, 0x119D0), (0x119E1, 0x119E1), (0x119E3, 0x119E3), (0x11A00, 0x11A00), (0x11A0B, 0x11A32),
    (0x11A3A, 0x11A3A), (0x11A50, 0x11A50), (0x11A5C, 0x11A89), (0x11A9D, 0x11A9D), (0x11AB0, 0x11AF8), (0x11BC0, 0x11BE0), (0x11C00, 0x11C08),
    (0x11C0A, 0x11C2E), (0x11C40, 0x11C40), (0x11C72, 0x11C8F), (0x11D00, 0x11D06), (0x11D08, 0x11D09), (0x11D0B, 0x11D30), (0x11D46, 0x11D46),
    (0x11D60, 0x11D65), (0x11D67, 0x11D68), (0x11D6A, 0x11D89), (0x11D98, 0x11D98), (0x11EE0, 0x11EF2), (0x11F02, 0x11F02), (0x11F04, 0x11F10),
    (0x11F12, 0x11F33), (0x11FB0, 0x11FB0), (0x12000, 0x12399), (0x12480, 0x12543), (0x12F90, 0x12FF0), (0x13000, 0x1342F), (0x13441, 0x13446),
    (0x13460, 0x143FA), (0x14400, 0x14646), (0x16100, 0x1611D), (0x16800, 0x16A38), (0x16A40, 0x16A5E), (0x16A70, 0x16ABE), (0x16AD0, 0x16AED),
    (0x16B00, 0x16B2F), (0x16B40, 0x16B43), (0x16B63, 0x16B77), (0x16B7D, 0x16B8F), (0x16D40, 0x16D6C), (0x16E40, 0x16E7F), (0x16F00, 0x16F4A),
    (0x16F50, 0x16F50), (0x16F93, 0x16F9F), (0x16FE0, 0x16FE1), (0x16FE3, 0x16FE3), (0x17000, 0x187F7), (0x18800, 0x18CD5), (0x18CFF, 0x18D08),
    (0x1AFF0, 0x1AFF3), (0x1AFF5, 0x1AFFB), (0x1AFFD, 0x1AFFE), (0x1B000, 0x1B122), (0x1B132, 0x1B132), (0x1B150, 0x1B152), (0x1B155, 0x1B155),
    (0x1B164, 0x1B167), (0x1B170, 0x1B2FB), (0x1BC00, 0x1BC6A), (0x1BC70, 0x1BC7C), (0x1BC80, 0x1BC88), (0x1BC90, 0x1BC99), (0x1D400, 0x1D454),
    (0x1D456, 0x1D49C), (0x1D49E, 0x1D49F), (0x1D4A2, 0x1D4A2), (0x1D4A5, 0x1D4A6), (0x1D4A9, 0x1D4AC), (0x1D4AE, 0x1D4B9), (0x1D4BB, 0x1D4BB),
    (0x1D4BD, 0x1D4C3), (0x1D4C5, 0x1D505), (0x1D507, 0x1D50A), (0x1D50D, 0x1D514), (0x1D516, 0x1D51C), (0x1D51E, 0x1D539), (0x1D53B, 0x1D53E),
    (0x1D540, 0x1D544), (0x1D546, 0x1D546), (0x1D54A, 0x1D550), (0x1D552, 0x1D6A5), (0x1D6A8, 0x1D6C0), (0x1D6C2, 0x1D6DA), (0x1D6DC, 0x1D6FA),
    (0x1D6FC, 0x1D714), (0x1D716, 0x1D734), (0x1D736, 0x1D74E), (0x1D750, 0x1D76E), (0x1D770, 0x1D788), (0x1D78A, 0x1D7A8), (0x1D7AA, 0x1D7C2),
    (0x1D7C4, 0x1D7CB), (0x1DF00, 0x1DF1E), (0x1DF25, 0x1DF2A), (0x1E030, 0x1E06D), (0x1E100, 0x1E12C), (0x1E137, 0x1E13D), (0x1E14E, 0x1E14E),
    (0x1E290, 0x1E2AD), (0x1E2C0, 0x1E2EB), (0x1E4D0, 0x1E4EB), (0x1E5D0, 0x1E5ED), (0x1E5F0, 0x1E5F0), (0x1E7E0, 0x1E7E6), (0x1E7E8, 0x1E7EB),
    (0x1E7ED, 0x1E7EE), (0x1E7F0, 0x1E7FE), (0x1E800, 0x1E8C4), (0x1E900, 0x1E943), (0x1E94B, 0x1E94B), (0x1EE00, 0x1EE03), (0x1EE05, 0x1EE1F),
    (0x1EE21, 0x1EE22), (0x1EE24, 0x1EE24), (0x1EE27, 0x1EE27), (0x1EE29, 0x1EE32), (0x1EE34, 0x1EE37), (0x1EE39, 0x1EE39), (0x1EE3B, 0x1EE3B),
    (0x1EE42, 0x1EE42), (0x1EE47, 0x1EE47), (0x1EE49, 0x1EE49), (0x1EE4B, 0x1EE4B), (0x1EE4D, 0x1EE4F), (0x1EE51, 0x1EE52), (0x1EE54, 0x1EE54),
    (0x1EE57, 0x1EE57), (0x1EE59, 0x1EE59), (0x1EE5B, 0x1EE5B), (0x1EE5D, 0x1EE5D), (0x1EE5F, 0x1EE5F), (0x1EE61, 0x1EE62), (0x1EE64, 0x1EE64),
    (0x1EE67, 0x1EE6A), (0x1EE6C, 0x1EE72), (0x1EE74, 0x1EE77), (0x1EE79, 0x1EE7C), (0x1EE7E, 0x1EE7E), (0x1EE80, 0x1EE89), (0x1EE8B, 0x1EE9B),
    (0x1EEA1, 0x1EEA3), (0x1EEA5, 0x1EEA9), (0x1EEAB, 0x1EEBB), (0x20000, 0x2A6DF), (0x2A700, 0x2B739), (0x2B740, 0x2B81D), (0x2B820, 0x2CEA1),
    (0x2CEB0, 0x2EBE0), (0x2EBF0, 0x2EE5D), (0x2F800, 0x2FA1D), (0x30000, 0x3134A), (0x31350, 0x323AF),
];

/// General_Category N*, inclusive ranges.
#[rustfmt::skip]
pub(crate) static NUMBER: &[(u32, u32)] = &[
    (0x30, 0x39), (0xB2, 0xB3), (0xB9, 0xB9), (0xBC, 0xBE), (0x660, 0x669), (0x6F0, 0x6F9), (0x7C0, 0x7C9),
    (0x966, 0x96F), (0x9E6, 0x9EF), (0x9F4, 0x9F9), (0xA66, 0xA6F), (0xAE6, 0xAEF), (0xB66, 0xB6F), (0xB72, 0xB77),
    (0xBE6, 0xBF2), (0xC66, 0xC6F), (0xC78, 0xC7E), (0xCE6, 0xCEF), (0xD58, 0xD5E), (0xD66, 0xD78), (0xDE6, 0xDEF),
    (0xE50, 0xE59), (0xED0, 0xED9), (0xF20, 0xF33), (0x1040, 0x1049), (0x1090, 0x1099), (0x1369, 0x137C), (0x16EE, 0x16F0),
    (0x17E0, 0x17E9), (0x17F0, 0x17F9), (0x1810, 0x1819), (0x1946, 0x194F), (0x19D0, 0x19DA), (0x1A80, 0x1A89), (0x1A90, 0x1A99),
    (0x1B50, 0x1B59), (0x1BB0, 0x1BB9), (0x1C40, 0x1C49), (0x1C50, 0x1C59), (0x2070, 0x2070), (0x2074, 0x2079), (0x2080, 0x2089),
    (0x2150, 0x2182), (0x2185, 0x2189), (0x2460, 0x249B), (0x24EA, 0x24FF), (0x2776, 0x2793), (0x2CFD, 0x2CFD), (0x3007, 0x3007),
    (0x3021, 0x3029), (0x3038, 0x303A), (0x3192, 0x3195), (0x3220, 0x3229), (0x3248, 0x324F), (0x3251, 0x325F), (0x3280, 0x3289),
    (0x32B1, 0x32BF), (0xA620, 0xA629), (0xA6E6, 0xA6EF), (0xA830, 0xA835), (0xA8D0, 0xA8D9), (0xA900, 0xA909), (0xA9D0, 0xA9D9),
    (0xA9F0, 0xA9F9), (0xAA50, 0xAA59), (0xABF0, 0xABF9), (0xFF10, 0xFF19), (0x10107, 0x10133), (0x10140, 0x10178), (0x1018A, 0x1018B),
    (0x102E1, 0x102FB), (0x10320, 0x10323), (0x10341, 0x10341), (0x1034A, 0x1034A), (0x103D1, 0x103D5), (0x104A0, 0x104A9), (0x10858, 0x1085F),
    (0x10879, 0x1087F), (0x108A7, 0x108AF), (0x108FB, 0x108FF), (0x10916, 0x1091B), (0x109BC, 0x109BD), (0x109C0, 0x109CF), (0x109D2, 0x109FF),
    (0x10A40, 0x10A48), (0x10A7D, 0x10A7E), (0x10A9D, 0x10A9F), (0x10AEB, 0x10AEF), (0x10B58, 0x10B5F), (0x10B78, 0x10B7F), (0x10BA9, 0x10BAF),
    (0x10CFA, 0x10CFF), (0x10D30, 0x10D39), (0x10D40, 0x10D49), (0x10E60, 0x10E7E), (0x10F1D, 0x10F26), (0x10F51, 0x10F54), (0x10FC5, 0x10FCB),
    (0x11052, 0x1106F), (0x110F0, 0x110F9), (0x11136, 0x1113F), (0x111D0, 0x111D9), (0x111E1, 0x111F4), (0x112F0, 0x112F9), (0x11450, 0x11459),
    (0x114D0, 0x114D9), (0x11650, 0x11659), (0x116C0, 0x116C9), (0x116D0, 0x116E3), (0x11730, 0x1173B), (0x118E0, 0x118F2), (0x11950, 0x11959),
    (0x11BF0, 0x11BF9), (0x11C50, 0x11C6C), (0x11D50, 0x11D59), (0x11DA0, 0x11DA9), (0x11F50, 0x11F59), (0x11FC0, 0x11FD4), (0x12400, 0x1246E),
    (0x16130, 0x16139), (0x16A60, 0x16A69), (0x16AC0, 0x16AC9), (0x16B50, 0x16B59), (0x16B5B, 0x16B61), (0x16D70, 0x16D79), (0x16E80, 0x16E96),
    (0x1CCF0, 0x1CCF9), (0x1D2C0, 0x1D2D3), (0x1D2E0, 0x1D2F3), (0x1D360, 0x1D378), (0x1D7CE, 0x1D7FF), (0x1E140, 0x1E149), (0x1E2F0, 0x1E2F9),
    (0x1E4F0, 0x1E4F9), (0x1E5F1, 0x1E5FA), (0x1E8C7, 0x1E8CF), (0x1E950, 0x1E959), (0x1EC71, 0x1ECAB), (0x1ECAD, 0x1ECAF), (0x1ECB1, 0x1ECB4),
    (0x1ED01, 0x1ED2D), (0x1ED2F, 0x1ED3D), (0x1F100, 0x1F10C), (0x1FBF0, 0x1FBF9),
];

/// General_Category M*, inclusive ranges.
#[rustfmt::skip]
pub(crate) static MARK: &[(u32, u32)] = &[
    (0x300, 0x36F), (0x483, 0x489), (0x591, 0x5BD), (0x5BF, 0x5BF), (0x5C1, 0x5C2), (0x5C4, 0x5C5), (0x5C7, 0x5C7),
    (0x610, 0x61A), (0x64B, 0x65F), (0x670, 0x670), (0x6D6, 0x6DC), (0x6DF, 0x6E4), (0x6E7, 0x6E8), (0x6EA, 0x6ED),
    (0x711, 0x711), (0x730, 0x74A), (0x7A6, 0x7B0), (0x7EB, 0x7F3), (0x7FD, 0x7FD), (0x816, 0x819), (0x81B, 0x823),
    (0x825, 0x827), (0x829, 0x82D), (0x859, 0x85B), (0x897, 0x89F), (0x8CA, 0x8E1), (0x8E3, 0x903), (0x93A, 0x93C),
    (0x93E, 0x94F), (0x951, 0x957), (0x962, 0x963), (0x981, 0x983), (0x9BC, 0x9BC), (0x9BE, 0x9C4), (0x9C7, 0x9C8),
    (0x9CB, 0x9CD), (0x9D7, 0x9D7), (0x9E2, 0x9E3), (0x9FE, 0x9FE), (0xA01, 0xA03), (0xA3C, 0xA3C), (0xA3E, 0xA42),
    (0xA47, 0xA48), (0xA4B, 0xA4D), (0xA51, 0xA51), (0xA70, 0xA71), (0xA75, 0xA75), (0xA81, 0xA83), (0xABC, 0xABC),
    (0xABE, 0xAC5), (0xAC7, 0xAC9), (0xACB, 0xACD), (0xAE2, 0xAE3), (0xAFA, 0xAFF), (0xB01, 0xB03), (0xB3C, 0xB3C),
    (0xB3E, 0xB44), (0xB47, 0xB48), (0xB4B, 0xB4D), (0xB55, 0xB57), (0xB62, 0xB63), (0xB82, 0xB82), (0xBBE, 0xBC2),
    (0xBC6, 0xBC8), (0xBCA, 0xBCD), (0xBD7, 0xBD7), (0xC00, 0xC04), (0xC3C, 0xC3C), (0xC3E, 0xC44), (0xC46, 0xC48),
    (0xC4A, 0xC4D), (0xC55, 0xC56), (0xC62, 0xC63), (0xC81, 0xC83), (0xCBC, 0xCBC), (0xCBE, 0xCC4), (0xCC6, 0xCC8),
    (0xCCA, 0xCCD), (0xCD5, 0xCD6), (0xCE2, 0xCE3), (0xCF3, 0xCF3), (0xD00, 0xD03), (0xD3B, 0xD3C), (0xD3E, 0xD44),
    (0xD46, 0xD48), (0xD4A, 0xD4D), (0xD57, 0xD57), (0xD62, 0xD63), (0xD81, 0xD83), (0xDCA, 0xDCA), (0xDCF, 0xDD4),
    (0xDD6, 0xDD6), (0xDD8, 0xDDF), (0xDF2, 0xDF3), (0xE31, 0xE31), (0xE34, 0xE3A), (0xE47, 0xE4E), (0xEB1, 0xEB1),
    (0xEB4, 0xEBC), (0xEC8, 0xECE), (0xF18, 0xF19), (0xF35, 0xF35), (0xF37, 0xF37), (0xF39, 0xF39), (0xF3E, 0xF3F),
    (0xF71, 0xF84), (0xF86, 0xF87), (0xF8D, 0xF97), (0xF99, 0xFBC), (0xFC6, 0xFC6), (0x102B, 0x103E), (0x1056, 0x1059),
    (0x105E, 0x1060), (0x1062, 0x1064), (0x1067, 0x106D), (0x1071, 0x1074), (0x1082, 0x108D), (0x108F, 0x108F), (0x109A, 0x109D),
    (0x135D, 0x135F), (0x1712, 0x1715), (0x1732, 0x1734), (0x1752, 0x1753), (0x1772, 0x1773), (0x17B4, 0x17D3), (0x17DD, 0x17DD),
    (0x180B, 0x180D), (0x180F, 0x180F), (0x1885, 0x1886), (0x18A9, 0x18A9), (0x1920, 0x192B), (0x1930, 0x193B), (0x1A17, 0x1A1B),
    (0x1A55, 0x1A5E), (0x1A60, 0x1A7C), (0x1A7F, 0x1A7F), (0x1AB0, 0x1ACE), (0x1B00, 0x1B04), (0x1B34, 0x1B44), (0x1B6B, 0x1B73),
    (0x1B80, 0x1B82), (0x1BA1, 0x1BAD), (0x1BE6, 0x1BF3), (0x1C24, 0x1C37), (0x1CD0, 0x1CD2), (0x1CD4, 0x1CE8), (0x1CED, 0x1CED),
    (0x1CF4, 0x1CF4), (0x1CF7, 0x1CF9), (0x1DC0, 0x1DFF), (0x20D0, 0x20F0), (0x2CEF, 0x2CF1), (0x2D7F, 0x2D7F), (0x2DE0, 0x2DFF),
    (0x302A, 0x302F), (0x3099, 0x309A), (0xA66F, 0xA672), (0xA674, 0xA67D), (0xA69E, 0xA69F), (0xA6F0, 0xA6F1), (0xA802, 0xA802),
    (0xA806, 0xA806), (0xA80B, 0xA80B), (0xA823, 0xA827), (0xA82C, 0xA82C), (0xA880, 0xA881), (0xA8B4, 0xA8C5), (0xA8E0, 0xA8F1),
    (0xA8FF, 0xA8FF), (0xA926, 0xA92D), (0xA947, 0xA953), (0xA980, 0xA983), (0xA9B3, 0xA9C0), (0xA9E5, 0xA9E5), (0xAA29, 0xAA36),
    (0xAA43, 0xAA43), (0xAA4C, 0xAA4D), (0xAA7B, 0xAA7D), (0xAAB0, 0xAAB0), (0xAAB2, 0xAAB4), (0xAAB7, 0xAAB8), (0xAABE, 0xAABF),
    (0xAAC1, 0xAAC1), (0xAAEB, 0xAAEF), (0xAAF5, 0xAAF6), (0xABE3, 0xABEA), (0xABEC, 0xABED), (0xFB1E, 0xFB1E), (0xFE00, 0xFE0F),
    (0xFE20, 0xFE2F), (0x101FD, 0x101FD), (0x102E0, 0x102E0), (0x10376, 0x1037A), (0x10A01, 0x10A03), (0x10A05, 0x10A06), (0x10A0C, 0x10A0F),
    (0x10A38, 0x10A3A), (0x10A3F, 0x10A3F), (0x10AE5, 0x10AE6), (0x10D24, 0x10D27), (0x10D69, 0x10D6D), (0x10EAB, 0x10EAC), (0x10EFC, 0x10EFF),
    (0x10F46, 0x10F50), (0x10F82, 0x10F85), (0x11000, 0x11002), (0x11038, 0x11046), (0x11070, 0x11070), (0x11073, 0x11074), (0x1107F, 0x11082),
    (0x110B0, 0x110BA), (0x110C2, 0x110C2), (0x11100, 0x11102), (0x11127, 0x11134), (0x11145, 0x11146), (0x11173, 0x11173), (0x11180, 0x11182),
    (0x111B3, 0x111C0), (0x111C9, 0x111CC), (0x111CE, 0x111CF), (0x1122C, 0x11237), (0x1123E, 0x1123E), (0x11241, 0x11241), (0x112DF, 0x112EA),
    (0x11300, 0x11303), (0x1133B, 0x1133C), (0x1133E, 0x11344), (0x11347, 0x11348), (0x1134B, 0x1134D), (0x11357, 0x11357), (0x11362, 0x11363),
    (0x11366, 0x1136C), (0x11370, 0x11374), (0x113B8, 0x113C0), (0x113C2, 0x113C2), (0x113C5, 0x113C5), (0x113C7, 0x113CA), (0x113CC, 0x113D0),
    (0x113D2, 0x113D2), (0x113E1, 0x113E2), (0x11435, 0x11446), (0x1145E, 0x1145E), (0x114B0, 0x114C3), (0x115AF, 0x115B5), (0x115B8, 0x115C0),
    (0x115DC, 0x115DD), (0x11630, 0x11640), (0x116AB, 0x116B7), (0x1171D, 0x1172B), (0x1182C, 0x1183A), (0x11930, 0x11935), (0x11937, 0x11938),
    (0x1193B, 0x1193E), (0x11940, 0x11940), (0x11942, 0x11943), (0x119D1, 0x119D7), (0x119DA, 0x119E0), (0x119E4, 0x119E4), (0x11A01, 0x11A0A),
    (0x11A33, 0x11A39), (0x11A3B, 0x11A3E), (0x11A47, 0x11A47), (0x11A51, 0x11A5B), (0x11A8A, 0x11A99), (0x11C2F, 0x11C36), (0x11C38, 0x11C3F),
    (0x11C92, 0x11CA7), (0x11CA9, 0x11CB6), (0x11D31, 0x11D36), (0x11D3A, 0x11D3A), (0x11D3C, 0x11D3D), (0x11D3F, 0x11D45), (0x11D47, 0x11D47),
    (0x11D8A, 0x11D8E), (0x11D90, 0x11D91), (0x11D93, 0x11D97), (0x11EF3, 0x11EF6), (0x11F00, 0x11F01), (0x11F03, 0x11F03), (0x11F34, 0x11F3A),
    (0x11F3E, 0x11F42), (0x11F5A, 0x11F5A), (0x13440, 0x13440), (0x13447, 0x13455), (0x1611E, 0x1612F), (0x16AF0, 0x16AF4), (0x16B30, 0x16B36),
    (0x16F4F, 0x16F4F), (0x16F51, 0x16F87), (0x16F8F, 0x16F92), (0x16FE4, 0x16FE4), (0x16FF0, 0x16FF1), (0x1BC9D, 0x1BC9E), (0x1CF00, 0x1CF2D),
    (0x1CF30, 0x1CF46), (0x1D165, 0x1D169), (0x1D16D, 0x1D172), (0x1D17B, 0x1D182), (0x1D185, 0x1D18B), (0x1D1AA, 0x1D1AD), (0x1D242, 0x1D244),
    (0x1DA00, 0x1DA36), (0x1DA3B, 0x1DA6C), (0x1DA75, 0x1DA75), (0x1DA84, 0x1DA84), (0x1DA9B, 0x1DA9F), (0x1DAA1, 0x1DAAF), (0x1E000, 0x1E006),
    (0x1E008, 0x1E018), (0x1E01B, 0x1E021), (0x1E023, 0x1E024), (0x1E026, 0x1E02A), (0x1E08F, 0x1E08F), (0x1E130, 0x1E136), (0x1E2AE, 0x1E2AE),
    (0x1E2EC, 0x1E2EF), (0x1E4EC, 0x1E4EF), (0x1E5EE, 0x1E5EF), (0x1E8D0, 0x1E8D6), (0x1E944, 0x1E94A), (0xE0100, 0xE01EF),
];

/// Nonzero canonical combining classes: (first, last, class).
#[rustfmt::skip]
pub(crate) static CCC: &[(u32, u32, u8)] = &[
    (0x300, 0x314, 230), (0x315, 0x315, 232), (0x316, 0x319, 220), (0x31A, 0x31A, 232), (0x31B, 0x31B, 216), (0x31C, 0x320, 220),
    (0x321, 0x322, 202), (0x323, 0x326, 220), (0x327, 0x328, 202), (0x329, 0x333, 220), (0x334, 0x338, 1), (0x339, 0x33C, 220),
    (0x33D, 0x344, 230), (0x345, 0x345, 240), (0x346, 0x346, 230), (0x347, 0x349, 220), (0x34A, 0x34C, 230), (0x34D, 0x34E, 220),
    (0x350, 0x352, 230), (0x353, 0x356, 220), (0x357, 0x357, 230), (0x358, 0x358, 232), (0x359, 0x35A, 220), (0x35B, 0x35B, 230),
    (0x35C, 0x35C, 233), (0x35D, 0x35E, 234), (0x35F, 0x35F, 233), (0x360, 0x361, 234), (0x362, 0x362, 233), (0x363, 0x36F, 230),
    (0x483, 0x487, 230), (0x591, 0x591, 220), (0x592, 0x595, 230), (0x596, 0x596, 220), (0x597, 0x599, 230), (0x59A, 0x59A, 222),
    (0x59B, 0x59B, 220), (0x59C, 0x5A1, 230), (0x5A2, 0x5A7, 220), (0x5A8, 0x5A9, 230), (0x5AA, 0x5AA, 220), (0x5AB, 0x5AC, 230),
    (0x5AD, 0x5AD, 222), (0x5AE, 0x5AE, 228), (0x5AF, 0x5AF, 230), (0x5B0, 0x5B0, 10), (0x5B1, 0x5B1, 11), (0x5B2, 0x5B2, 12),
    (0x5B3, 0x5B3, 13), (0x5B4, 0x5B4, 14), (0x5B5, 0x5B5, 15), (0x5B6, 0x5B6, 16), (0x5B7, 0x5B7, 17), (0x5B8, 0x5B8, 18),
    (0x5B9, 0x5BA, 19), (0x5BB, 0x5BB, 20), (0x5BC, 0x5BC, 21), (0x5BD, 0x5BD, 22), (0x5BF, 0x5BF, 23), (0x5C1, 0x5C1, 24),
    (0x5C2, 0x5C2, 25), (0x5C4, 0x5C4, 230), (0x5C5, 0x5C5, 220), (0x5C7, 0x5C7, 18), (0x610, 0x617, 230), (0x618, 0x618, 30),
    (0x619, 0x619, 31), (0x61A, 0x61A, 32), (0x64B, 0x64B, 27), (0x64C, 0x64C, 28), (0x64D, 0x64D, 29), (0x64E, 0x64E, 30),
    (0x64F, 0x64F, 31), (0x650, 0x650, 32), (0x651, 0x651, 33), (0x652, 0x652, 34), (0x653, 0x654, 230), (0x655, 0x656, 220),
    (0x657, 0x65B, 230), (0x65C, 0x65C, 220), (0x65D, 0x65E, 230), (0x65F, 0x65F, 220), (0x670, 0x670, 35), (0x6D6, 0x6DC, 230),
    (0x6DF, 0x6E2, 230), (0x6E3, 0x6E3, 220), (0x6E4, 0x6E4, 230), (0x6E7, 0x6E8, 230), (0x6EA, 0x6EA, 220), (0x6EB, 0x6EC, 230),
    (0x6ED, 0x6ED, 220), (0x711, 0x711, 36), (0x730, 0x730, 230), (0x731, 0x731, 220), (0x732, 0x733, 230), (0x734, 0x734, 220),
    (0x735, 0x736, 230), (0x737, 0x739, 220), (0x73A, 0x73A, 230), (0x73B, 0x73C, 220), (0x73D, 0x73D, 230), (0x73E, 0x73E, 220),
    (0x73F, 0x741, 230), (0x742, 0x742, 220), (0x743, 0x743, 230), (0x744, 0x744, 220), (0x745, 0x745, 230), (0x746, 0x746, 220),
    (0x747, 0x747, 230), (0x748, 0x748, 220), (0x749, 0x74A, 230), (0x7EB, 0x7F1, 230), (0x7F2, 0x7F2, 220), (0x7F3, 0x7F3, 230),
    (0x816, 0x819, 230), (0x81B, 0x823, 230), (0x825, 0x827, 230), (0x829, 0x82D, 230), (0x859, 0x85B, 220), (0x8D4, 0x8E1, 230),
    (0x8E3, 0x8E3, 220), (0x8E4, 0x8E5, 230), (0x8E6, 0x8E6, 220), (0x8E7, 0x8E8, 230), (0x8E9, 0x8E9, 220), (0x8EA, 0x8EC, 230),
    (0x8ED, 0x8EF, 220), (0x8F0, 0x8F0, 27), (0x8F1, 0x8F1, 28), (0x8F2, 0x8F2, 29), (0x8F3, 0x8F5, 230), (0x8F6, 0x8F6, 220),
    (0x8F7, 0x8F8, 230), (0x8F9, 0x8FA, 220), (0x8FB, 0x8FF, 230), (0x93C, 0x93C, 7), (0x94D, 0x94D, 9), (0x951, 0x951, 230),
    (0x952, 0x952, 220), (0x953, 0x954, 230), (0x9BC, 0x9BC, 7), (0x9CD, 0x9CD, 9), (0xA3C, 0xA3C, 7), (0xA4D, 0xA4D, 9),
    (0xABC, 0xABC, 7), (0xACD, 0xACD, 9), (0xB3C, 0xB3C, 7), (0xB4D, 0xB4D, 9), (0xBCD, 0xBCD, 9), (0xC4D, 0xC4D, 9),
    (0xC55, 0xC55, 84), (0xC56, 0xC56, 91), (0xCBC, 0xCBC, 7), (0xCCD, 0xCCD, 9), (0xD4D, 0xD4D, 9), (0xDCA, 0xDCA, 9),
    (0xE38, 0xE39, 103), (0xE3A, 0xE3A, 9), (0xE48, 0xE4B, 107), (0xEB8, 0xEB9, 118), (0xEC8, 0xECB, 122), (0xF18, 0xF19, 220),
    (0xF35, 0xF35, 220), (0xF37, 0xF37, 220), (0xF39, 0xF39, 216), (0xF71, 0xF71, 129), (0xF72, 0xF72, 130), (0xF74, 0xF74, 132),
    (0xF7A, 0xF7D, 130), (0xF80, 0xF80, 130), (0xF82, 0xF83, 230), (0xF84, 0xF84, 9), (0xF86, 0xF87, 230), (0xFC6, 0xFC6, 220),
    (0x1037, 0x1037, 7), (0x1039, 0x103A, 9), (0x108D, 0x108D, 220), (0x135D, 0x135F, 230), (0x1714, 0x1714, 9), (0x1734, 0x1734, 9),
    (0x17D2, 0x17D2, 9), (0x17DD, 0x17DD, 230), (0x18A9, 0x18A9, 228), (0x1939, 0x1939, 222), (0x193A, 0x193A, 230), (0x193B, 0x193B, 220),
    (0x1A17, 0x1A17, 230), (0x1A18, 0x1A18, 220), (0x1A60, 0x1A60, 9), (0x1A75, 0x1A7C, 230), (0x1A7F, 0x1A7F, 220), (0x1AB0, 0x1AB4, 230),
    (0x1AB5, 0x1ABA, 220), (0x1ABB, 0x1ABC, 230), (0x1ABD, 0x1ABD, 220), (0x1B34, 0x1B34, 7), (0x1B44, 0x1B44, 9), (0x1B6B, 0x1B6B, 230),
    (0x1B6C, 0x1B6C, 220), (0x1B6D, 0x1B73, 230), (0x1BAA, 0x1BAB, 9), (0x1BE6, 0x1BE6, 7), (0x1BF2, 0x1BF3, 9), (0x1C37, 0x1C37, 7),
    (0x1CD0, 0x1CD2, 230), (0x1CD4, 0x1CD4, 1), (0x1CD5, 0x1CD9, 220), (0x1CDA, 0x1CDB, 230), (0x1CDC, 0x1CDF, 220), (0x1CE0, 0x1CE0, 230),
    (0x1CE2, 0x1CE8, 1), (0x1CED, 0x1CED, 220), (0x1CF4, 0x1CF4, 230), (0x1CF8, 0x1CF9, 230), (0x1DC0, 0x1DC1, 230), (0x1DC2, 0x1DC2, 220),
    (0x1DC3, 0x1DC9, 230), (0x1DCA, 0x1DCA, 220), (0x1DCB, 0x1DCC, 230), (0x1DCD, 0x1DCD, 234), (0x1DCE, 0x1DCE, 214), (0x1DCF, 0x1DCF, 220),
    (0x1DD0, 0x1DD0, 202), (0x1DD1, 0x1DF5, 230), (0x1DFB, 0x1DFB, 230), (0x1DFC, 0x1DFC, 233), (0x1DFD, 0x1DFD, 220), (0x1DFE, 0x1DFE, 230),
    (0x1DFF, 0x1DFF, 220), (0x20D0, 0x20D1, 230), (0x20D2, 0x20D3, 1), (0x20D4, 0x20D7, 230), (0x20D8, 0x20DA, 1), (0x20DB, 0x20DC, 230),
    (0x20E1, 0x20E1, 230), (0x20E5, 0x20E6, 1), (0x20E7, 0x20E7, 230), (0x20E8, 0x20E8, 220), (0x20E9, 0x20E9, 230), (0x20EA, 0x20EB, 1),
    (0x20EC, 0x20EF, 220), (0x20F0, 0x20F0, 230), (0x2CEF, 0x2CF1, 230), (0x2D7F, 0x2D7F, 9), (0x2DE0, 0x2DFF, 230), (0x302A, 0x302A, 218),
    (0x302B, 0x302B, 228), (0x302C, 0x302C, 232), (0x302D, 0x302D, 222), (0x302E, 0x302F, 224), (0x3099, 0x309A, 8), (0xA66F, 0xA66F, 230),
    (0xA674, 0xA67D, 230), (0xA69E, 0xA69F, 230), (0xA6F0, 0xA6F1, 230), (0xA806, 0xA806, 9), (0xA8C4, 0xA8C4, 9), (0xA8E0, 0xA8F1, 230),
    (0xA92B, 0xA92D, 220), (0xA953, 0xA953, 9), (0xA9B3, 0xA9B3, 7), (0xA9C0, 0xA9C0, 9), (0xAAB0, 0xAAB0, 230), (0xAAB2, 0xAAB3, 230),
    (0xAAB4, 0xAAB4, 220), (0xAAB7, 0xAAB8, 230), (0xAABE, 0xAABF, 230), (0xAAC1, 0xAAC1, 230), (0xAAF6, 0xAAF6, 9), (0xABED, 0xABED, 9),
    (0xFB1E, 0xFB1E, 26), (0xFE20, 0xFE26, 230), (0xFE27, 0xFE2D, 220), (0xFE2E, 0xFE2F, 230), (0x101FD, 0x101FD, 220), (0x102E0, 0x102E0, 220),
    (0x10376, 0x1037A, 230), (0x10A0D, 0x10A0D, 220), (0x10A0F, 0x10A0F, 230), (0x10A38, 0x10A38, 230), (0x10A39, 0x10A39, 1), (0x10A3A, 0x10A3A, 220),
    (0x10A3F, 0x10A3F, 9), (0x10AE5, 0x10AE5, 230), (0x10AE6, 0x10AE6, 220), (0x11046, 0x11046, 9), (0x1107F, 0x1107F, 9), (0x110B9, 0x110B9, 9),
    (0x110BA, 0x110BA, 7), (0x11100, 0x11102, 230), (0x11133, 0x11134, 9), (0x11173, 0x11173, 7), (0x111C0, 0x111C0, 9), (0x111CA, 0x111CA, 7),
    (0x11235, 0x11235, 9), (0x11236, 0x11236, 7), (0x112E9, 0x112E9, 7), (0x112EA, 0x112EA, 9), (0x1133C, 0x1133C, 7), (0x1134D, 0x1134D, 9),
    (0x11366, 0x1136C, 230), (0x11370, 0x11374, 230), (0x11442, 0x11442, 9), (0x11446, 0x11446, 7), (0x114C2, 0x114C2, 9), (0x114C3, 0x114C3, 7),
    (0x115BF, 0x115BF, 9), (0x115C0, 0x115C0, 7), (0x1163F, 0x1163F, 9), (0x116B6, 0x116B6, 9), (0x116B7, 0x116B7, 7), (0x1172B, 0x1172B, 9),
    (0x11C3F, 0x11C3F, 9), (0x16AF0, 0x16AF4, 1), (0x16B30, 0x16B36, 230), (0x1BC9E, 0x1BC9E, 1), (0x1D165, 0x1D166, 216), (0x1D167, 0x1D169, 1),
    (0x1D16D, 0x1D16D, 226), (0x1D16E, 0x1D172, 216), (0x1D17B, 0x1D182, 220), (0x1D185, 0x1D189, 230), (0x1D18A, 0x1D18B, 220), (0x1D1AA, 0x1D1AD, 230),
    (0x1D242, 0x1D244, 230), (0x1E000, 0x1E006, 230), (0x1E008, 0x1E018, 230), (0x1E01B, 0x1E021, 230), (0x1E023, 0x1E024, 230), (0x1E026, 0x1E02A, 230),
    (0x1E8D0, 0x1E8D6, 220), (0x1E944, 0x1E949, 230), (0x1E94A, 0x1E94A, 7),
];

/// Full canonical decompositions (Hangul excluded): (char, offset << 2 | (len - 1)) into
/// DECOMP_CHARS.
#[rustfmt::skip]
pub(crate) static DECOMP: &[(u32, u32)] = &[
    (0xC0, 0x1), (0xC1, 0x9), (0xC2, 0x11), (0xC3, 0x19), (0xC4, 0x21), (0xC5, 0x29), (0xC7, 0x31),
    (0xC8, 0x39), (0xC9, 0x41), (0xCA, 0x49), (0xCB, 0x51), (0xCC, 0x59), (0xCD, 0x61), (0xCE, 0x69),
    (0xCF, 0x71), (0xD1, 0x79), (0xD2, 0x81), (0xD3, 0x89), (0xD4, 0x91), (0xD5, 0x99), (0xD6, 0xA1),
    (0xD9, 0xA9), (0xDA, 0xB1), (0xDB, 0xB9), (0xDC, 0xC1), (0xDD, 0xC9), (0xE0, 0xD1), (0xE1, 0xD9),
    (0xE2, 0xE1), (0xE3, 0xE9), (0xE4, 0xF1), (0xE5, 0xF9), (0xE7, 0x101), (0xE8, 0x109), (0xE9, 0x111),
    (0xEA, 0x119), (0xEB, 0x121), (0xEC, 0x129), (0xED, 0x131), (0xEE, 0x139), (0xEF, 0x141), (0xF1, 0x149),
    (0xF2, 0x151), (0xF3, 0x159), (0xF4, 0x161), (0xF5, 0x169), (0xF6, 0x171), (0xF9, 0x179), (0xFA, 0x181),
    (0xFB, 0x189), (0xFC, 0x191), (0xFD, 0x199), (0xFF, 0x1A1), (0x100, 0x1A9), (0x101, 0x1B1), (0x102, 0x1B9),
    (0x103, 0x1C1), (0x104, 0x1C9), (0x105, 0x1D1), (0x106, 0x1D9), (0x107, 0x1E1), (0x108, 0x1E9), (0x109, 0x1F1),
    (0x10A, 0x1F9), (0x10B, 0x201), (0x10C, 0x209), (0x10D, 0x211), (0x10E, 0x219), (0x10F, 0x221), (0x112, 0x229),
    (0x113, 0x231), (0x114, 0x239), (0x115, 0x241), (0x116, 0x249), (0x117, 0x251), (0x118, 0x259), (0x119, 0x261),
    (0x11A, 0x269), (0x11B, 0x271), (0x11C, 0x279), (0x11D, 0x281), (0x11E, 0x289), (0x11F, 0x291), (0x120, 0x299),
    (0x121, 0x2A1), (0x122, 0x2A9), (0x123, 0x2B1), (0x124, 0x2B9), (0x125, 0x2C1), (0x128, 0x2C9), (0x129, 0x2D1),
    (0x12A, 0x2D9), (0x12B, 0x2E1), (0x12C, 0x2E9), (0x12D, 0x2F1), (0x12E, 0x2F9), (0x12F, 0x301), (0x130, 0x309),
    (0x134, 0x311), (0x135, 0x319), (0x136, 0x321), (0x137, 0x329), (0x139, 0x331), (0x13A, 0x339), (0x13B, 0x341),
    (0x13C, 0x349), (0x13D, 0x351), (0x13E, 0x359), (0x143, 0x361), (0x144, 0x369), (0x145, 0x371), (0x146, 0x379),
    (0x147, 0x381), (0x148, 0x389), (0x14C, 0x391), (0x14D, 0x399), (0x14E, 0x3A1), (0x14F, 0x3A9), (0x150, 0x3B1),
    (0x151, 0x3B9), (0x154, 0x3C1), (0x155, 0x3C9), (0x156, 0x3D1), (0x157, 0x3D9), (0x158, 0x3E1), (0x159, 0x3E9),
    (0x15A, 0x3F1), (0x15B, 0x3F9), (0x15C, 0x401), (0x15D, 0x409), (0x15E, 0x411), (0x15F, 0x419), (0x160, 0x421),
    (0x161, 0x429), (0x162, 0x431), (0x163, 0x439), (0x164, 0x441), (0x165, 0x449), (0x168, 0x451), (0x169, 0x459),
    (0x16A, 0x461), (0x16B, 0x469), (0x16C, 0x471), (0x16D, 0x479), (0x16E, 0x481), (0x16F, 0x489), (0x170, 0x491),
    (0x171, 0x499), (0x172, 0x4A1), (0x173, 0x4A9), (0x174, 0x4B1), (0x175, 0x4B9), (0x176, 0x4C1), (0x177, 0x4C9),
    (0x178, 0x4D1), (0x179, 0x4D9), (0x17A, 0x4E1), (0x17B, 0x4E9), (0x17C, 0x4F1), (0x17D, 0x4F9), (0x17E, 0x501),
    (0x1A0, 0x509), (0x1A1, 0x511), (0x1AF, 0x519), (0x1B0, 0x521), (0x1CD, 0x529), (0x1CE, 0x531), (0x1CF, 0x539),
    (0x1D0, 0x541), (0x1D1, 0x549), (0x1D2, 0x551), (0x1D3, 0x559), (0x1D4, 0x561), (0x1D5, 0x56A), (0x1D6, 0x576),
    (0x1D7, 0x582), (0x1D8, 0x58E), (0x1D9, 0x59A), (0x1DA, 0x5A6), (0x1DB, 0x5B2), (0x1DC, 0x5BE), (0x1DE, 0x5CA),
    (0x1DF, 0x5D6), (0x1E0, 0x5E2), (0x1E1, 0x5EE), (0x1E2, 0x5F9), (0x1E3, 0x601), (0x1E6, 0x609), (0x1E7, 0x611),
    (0x1E8, 0x619), (0x1E9, 0x621), (0x1EA, 0x629), (0x1EB, 0x631), (0x1EC, 0x63A), (0x1ED, 0x646), (0x1EE, 0x651),
    (0x1EF, 0x659), (0x1F0, 0x661), (0x1F4, 0x669), (0x1F5, 0x671), (0x1F8, 0x679), (0x1F9, 0x681), (0x1FA, 0x68A),
    (0x1FB, 0x696), (0x1FC, 0x6A1), (0x1FD, 0x6A9), (0x1FE, 0x6B1), (0x1FF, 0x6B9), (0x200, 0x6C1), (0x201, 0x6C9),
    (0x202, 0x6D1), (0x203, 0x6D9), (0x204, 0x6E1), (0x205, 0x6E9), (0x206, 0x6F1), (0x207, 0x6F9), (0x208, 0x701),
    (0x209, 0x709), (0x20A, 0x711), (0x20B, 0x719), (0x20C, 0x721), (0x20D, 0x729), (0x20E, 0x731), (0x20F, 0x739),
    (0x210, 0x741), (0x211, 0x749), (0x212, 0x751), (0x213, 0x759), (0x214, 0x761), (0x215, 0x769), (0x216, 0x771),
    (0x217, 0x779), (0x218, 0x781), (0x219, 0x789), (0x21A, 0x791), (0x21B, 0x799), (0x21E, 0x7A1), (0x21F, 0x7A9),
    (0x226, 0x7B1), (0x227, 0x7B9), (0x228, 0x7C1), (0x229, 0x7C9), (0x22A, 0x7D2), (0x22B, 0x7DE), (0x22C, 0x7EA),
    (0x22D, 0x7F6), (0x22E, 0x801), (0x22F, 0x809), (0x230, 0x812), (0x231, 0x81E), (0x232, 0x829), (0x233, 0x831),
    (0x340, 0x838), (0x341, 0x83C), (0x343, 0x840), (0x344, 0x845), (0x374, 0x84C), (0x37E, 0x850), (0x385, 0x855),
    (0x386, 0x85D), (0x387, 0x864), (0x388, 0x869), (0x389, 0x871), (0x38A, 0x879), (0x38C, 0x881), (0x38E, 0x889),
    (0x38F, 0x891), (0x390, 0x89A), (0x3AA, 0x8A5), (0x3AB, 0x8AD), (0x3AC, 0x8B5), (0x3AD, 0x8BD), (0x3AE, 0x8C5),
    (0x3AF, 0x8CD), (0x3B0, 0x8D6), (0x3CA, 0x8E1), (0x3CB, 0x8E9), (0x3CC, 0x8F1), (0x3CD, 0x8F9), (0x3CE, 0x901),
    (0x3D3, 0x909), (0x3D4, 0x911), (0x400, 0x919), (0x401, 0x921), (0x403, 0x929), (0x407, 0x931), (0x40C, 0x939),
    (0x40D, 0x941), (0x40E, 0x949), (0x419, 0x951), (0x439, 0x959), (0x450, 0x961), (0x451, 0x969), (0x453, 0x971),
    (0x457, 0x979), (0x45C, 0x981), (0x45D, 0x989), (0x45E, 0x991), (0x476, 0x999), (0x477, 0x9A1), (0x4C1, 0x9A9),
    (0x4C2, 0x9B1), (0x4D0, 0x9B9), (0x4D1, 0x9C1), (0x4D2, 0x9C9), (0x4D3, 0x9D1), (0x4D6, 0x9D9), (0x4D7, 0x9E1),
    (0x4DA, 0x9E9), (0x4DB, 0x9F1), (0x4DC, 0x9F9), (0x4DD, 0xA01), (0x4DE, 0xA09), (0x4DF, 0xA11), (0x4E2, 0xA19),
    (0x4E3, 0xA21), (0x4E4, 0xA29), (0x4E5, 0xA31), (0x4E6, 0xA39), (0x4E7, 0xA41), (0x4EA, 0xA49), (0x4EB, 0xA51),
    (0x4EC, 0xA59), (0x4ED, 0xA61), (0x4EE, 0xA69), (0x4EF, 0xA71), (0x4F0, 0xA79), (0x4F1, 0xA81), (0x4F2, 0xA89),
    (0x4F3, 0xA91), (0x4F4, 0xA99), (0x4F5, 0xAA1), (0x4F8, 0xAA9), (0x4F9, 0xAB1), (0x622, 0xAB9), (0x623, 0xAC1),
    (0x624, 0xAC9), (0x625, 0xAD1), (0x626, 0xAD9), (0x6C0, 0xAE1), (0x6C2, 0xAE9), (0x6D3, 0xAF1), (0x929, 0xAF9),
    (0x931, 0xB01), (0x934, 0xB09), (0x958, 0xB11), (0x959, 0xB19), (0x95A, 0xB21), (0x95B, 0xB29), (0x95C, 0xB31),
    (0x95D, 0xB39), (0x95E, 0xB41), (0x95F, 0xB49), (0x9CB, 0xB51), (0x9CC, 0xB59), (0x9DC, 0xB61), (0x9DD, 0xB69),
    (0x9DF, 0xB71), (0xA33, 0xB79), (0xA36, 0xB81), (0xA59, 0xB89), (0xA5A, 0xB91), (0xA5B, 0xB99), (0xA5E, 0xBA1),
    (0xB48, 0xBA9), (0xB4B, 0xBB1), (0xB4C, 0xBB9), (0xB5C, 0xBC1), (0xB5D, 0xBC9), (0xB94, 0xBD1), (0xBCA, 0xBD9),
    (0xBCB, 0xBE1), (0xBCC, 0xBE9), (0xC48, 0xBF1), (0xCC0, 0xBF9), (0xCC7, 0xC01), (0xCC8, 0xC09), (0xCCA, 0xC11),
    (0xCCB, 0xC1A), (0xD4A, 0xC25), (0xD4B, 0xC2D), (0xD4C, 0xC35), (0xDDA, 0xC3D), (0xDDC, 0xC45), (0xDDD, 0xC4E),
    (0xDDE, 0xC59), (0xF43, 0xC61), (0xF4D, 0xC69), (0xF52, 0xC71), (0xF57, 0xC79), (0xF5C, 0xC81), (0xF69, 0xC89),
    (0xF73, 0xC91), (0xF75, 0xC99), (0xF76, 0xCA1), (0xF78, 0xCA9), (0xF81, 0xCB1), (0xF93, 0xCB9), (0xF9D, 0xCC1),
    (0xFA2, 0xCC9), (0xFA7, 0xCD1), (0xFAC, 0xCD9), (0xFB9, 0xCE1), (0x1026, 0xCE9), (0x1B06, 0xCF1), (0x1B08, 0xCF9),
    (0x1B0A, 0xD01), (0x1B0C, 0xD09), (0x1B0E, 0xD11), (0x1B12, 0xD19), (0x1B3B, 0xD21), (0x1B3D, 0xD29), (0x1B40, 0xD31),
    (0x1B41, 0xD39), (0x1B43, 0xD41), (0x1E00, 0xD49), (0x1E01, 0xD51), (0x1E02, 0xD59), (0x1E03, 0xD61), (0x1E04, 0xD69),
    (0x1E05, 0xD71), (0x1E06, 0xD79), (0x1E07, 0xD81), (0x1E08, 0xD8A), (0x1E09, 0xD96), (0x1E0A, 0xDA1), (0x1E0B, 0xDA9),
    (0x1E0C, 0xDB1), (0x1E0D, 0xDB9), (0x1E0E, 0xDC1), (0x1E0F, 0xDC9), (0x1E10, 0xDD1), (0x1E11, 0xDD9), (0x1E12, 0xDE1),
    (0x1E13, 0xDE9), (0x1E14, 0xDF2), (0x1E15, 0xDFE), (0x1E16, 0xE0A), (0x1E17, 0xE16), (0x1E18, 0xE21), (0x1E19, 0xE29),
    (0x1E1A, 0xE31), (0x1E1B, 0xE39), (0x1E1C, 0xE42), (0x1E1D, 0xE4E), (0x1E1E, 0xE59), (0x1E1F, 0xE61), (0x1E20, 0xE69),
    (0x1E21, 0xE71), (0x1E22, 0xE79), (0x1E23, 0xE81), (0x1E24, 0xE89), (0x1E25, 0xE91), (0x1E26, 0xE99), (0x1E27, 0xEA1),
    (0x1E28, 0xEA9), (0x1E29, 0xEB1), (0x1E2A, 0xEB9), (0x1E2B, 0xEC1), (0x1E2C, 0xEC9), (0x1E2D, 0xED1), (0x1E2E, 0xEDA),
    (0x1E2F, 0xEE6), (0x1E30, 0xEF1), (0x1E31, 0xEF9), (0x1E32, 0xF01), (0x1E33, 0xF09), (0x1E34, 0xF11), (0x1E35, 0xF19),
    (0x1E36, 0xF21), (0x1E37, 0xF29), (0x1E38, 0xF32), (0x1E39, 0xF3E), (0x1E3A, 0xF49), (0x1E3B, 0xF51), (0x1E3C, 0xF59),
    (0x1E3D, 0xF61), (0x1E3E, 0xF69), (0x1E3F, 0xF71), (0x1E40, 0xF79), (0x1E41, 0xF81), (0x1E42, 0xF89), (0x1E43, 0xF91),
    (0x1E44, 0xF99), (0x1E45, 0xFA1), (0x1E46, 0xFA9), (0x1E47, 0xFB1), (0x1E48, 0xFB9), (0x1E49, 0xFC1), (0x1E4A, 0xFC9),
    (0x1E4B, 0xFD1), (0x1E4C, 0xFDA), (0x1E4D, 0xFE6), (0x1E4E, 0xFF2), (0x1E4F, 0xFFE), (0x1E50, 0x100A), (0x1E51, 0x1016),
    (0x1E52, 0x1022), (0x1E53, 0x102E), (0x1E54, 0x1039), (0x1E55, 0x1041), (0x1E56, 0x1049), (0x1E57, 0x1051), (0x1E58, 0x1059),
    (0x1E59, 0x1061), (0x1E5A, 0x1069), (0x1E5B, 0x1071), (0x1E5C, 0x107A), (0x1E5D, 0x1086), (0x1E5E, 0x1091), (0x1E5F, 0x1099),
    (0x1E60, 0x10A1), (0x1E61, 0x10A9), (0x1E62, 0x10B1), (0x1E63, 0x10B9), (0x1E64, 0x10C2), (0x1E65, 0x10CE), (0x1E66, 0x10DA),
    (0x1E67, 0x10E6), (0x1E68, 0x10F2), (0x1E69, 0x10FE), (0x1E6A, 0x1109), (0x1E6B, 0x1111), (0x1E6C, 0x1119), (0x1E6D, 0x1121),
    (0x1E6E, 0x1129), (0x1E6F, 0x1131), (0x1E70, 0x1139), (0x1E71, 0x1141), (0x1E72, 0x1149), (0x1E73, 0x1151), (0x1E74, 0x1159),
    (0x1E75, 0x1161), (0x1E76, 0x1169), (0x1E77, 0x1171), (0x1E78, 0x117A), (0x1E79, 0x1186), (0x1E7A, 0x1192), (0x1E7B, 0x119E),
    (0x1E7C, 0x11A9), (0x1E7D, 0x11B1), (0x1E7E, 0x11B9), (0x1E7F, 0x11C1), (0x1E80, 0x11C9), (0x1E81, 0x11D1), (0x1E82, 0x11D9),
    (0x1E83, 0x11E1), (0x1E84, 0x11E9), (0x1E85, 0x11F1), (0x1E86, 0x11F9), (0x1E87, 0x1201), (0x1E88, 0x1209), (0x1E89, 0x1211),
    (0x1E8A, 0x1219), (0x1E8B, 0x1221), (0x1E8C, 0x1229), (0x1E8D, 0x1231), (0x1E8E, 0x1239), (0x1E8F, 0x1241), (0x1E90, 0x1249),
    (0x1E91, 0x1251), (0x1E92, 0x1259), (0x1E93, 0x1261), (0x1E94, 0x1269), (0x1E95, 0x1271), (0x1E96, 0x1279), (0x1E97, 0x1281),
    (0x1E98, 0x1289), (0x1E99, 0x1291), (0x1E9B, 0x1299), (0x1EA0, 0x12A1), (0x1EA1, 0x12A9), (0x1EA2, 0x12B1), (0x1EA3, 0x12B9),
    (0x1EA4, 0x12C2), (0x1EA5, 0x12CE), (0x1EA6, 0x12DA), (0x1EA7, 0x12E6), (0x1EA8, 0x12F2), (0x1EA9, 0x12FE), (0x1EAA, 0x130A),
    (0x1EAB, 0x1316), (0x1EAC, 0x1322), (0x1EAD, 0x132E), (0x1EAE, 0x133A), (0x1EAF, 0x1346), (0x1EB0, 0x1352), (0x1EB1, 0x135E),
    (0x1EB2, 0x136A), (0x1EB3, 0x1376), (0x1EB4, 0x1382), (0x1EB5, 0x138E), (0x1EB6, 0x139A), (0x1EB7, 0x13A6), (0x1EB8, 0x13B1),
    (0x1EB9, 0x13B9), (0x1EBA, 0x13C1), (0x1EBB, 0x13C9), (0x1EBC, 0x13D1), (0x1EBD, 0x13D9), (0x1EBE, 0x13E2), (0x1EBF, 0x13EE),
    (0x1EC0, 0x13FA), (0x1EC1, 0x1406), (0x1EC2, 0x1412), (0x1EC3, 0x141E), (0x1EC4, 0x142A), (0x1EC5, 0x1436), (0x1EC6, 0x1442),
    (0x1EC7, 0x144E), (0x1EC8, 0x1459), (0x1EC9, 0x1461), (0x1ECA, 0x1469), (0x1ECB, 0x1471), (0x1ECC, 0x1479), (0x1ECD, 0x1481),
    (0x1ECE, 0x1489), (0x1ECF, 0x1491), (0x1ED0, 0x149A), (0x1ED1, 0x14A6), (0x1ED2, 0x14B2), (0x1ED3, 0x14BE), (0x1ED4, 0x14CA),
    (0x1ED5, 0x14D6), (0x1ED6, 0x14E2), (0x1ED7, 0x14EE), (0x1ED8, 0x14FA), (0x1ED9, 0x1506), (0x1EDA, 0x1512), (0x1EDB, 0x151E),
    (0x1EDC, 0x152A), (0x1EDD, 0x1536), (0x1EDE, 0x1542), (0x1EDF, 0x154E), (0x1EE0, 0x155A), (0x1EE1, 0x1566), (0x1EE2, 0x1572),
    (0x1EE3, 0x157E), (0x1EE4, 0x1589), (0x1EE5, 0x1591), (0x1EE6, 0x1599), (0x1EE7, 0x15A1), (0x1EE8, 0x15AA), (0x1EE9, 0x15B6),
    (0x1EEA, 0x15C2), (0x1EEB, 0x15CE), (0x1EEC, 0x15DA), (0x1EED, 0x15E6), (0x1EEE, 0x15F2), (0x1EEF, 0x15FE), (0x1EF0, 0x160A),
    (0x1EF1, 0x1616), (0x1EF2, 0x1621), (0x1EF3, 0x1629), (0x1EF4, 0x1631), (0x1EF5, 0x1639), (0x1EF6, 0x1641), (0x1EF7, 0x1649),
    (0x1EF8, 0x1651), (0x1EF9, 0x1659), (0x1F00, 0x1661), (0x1F01, 0x1669), (0x1F02, 0x1672), (0x1F03, 0x167E), (0x1F04, 0x168A),
    (0x1F05, 0x1696), (0x1F06, 0x16A2), (0x1F07, 0x16AE), (0x1F08, 0x16B9), (0x1F09, 0x16C1), (0x1F0A, 0x16CA), (0x1F0B, 0x16D6),
    (0x1F0C, 0x16E2), (0x1F0D, 0x16EE), (0x1F0E, 0x16FA), (0x1F0F, 0x1706), (0x1F10, 0x1711), (0x1F11, 0x1719), (0x1F12, 0x1722),
    (0x1F13, 0x172E), (0x1F14, 0x173A), (0x1F15, 0x1746), (0x1F18, 0x1751), (0x1F19, 0x1759), (0x1F1A, 0x1762), (0x1F1B, 0x176E),
    (0x1F1C, 0x177A), (0x1F1D, 0x1786), (0x1F20, 0x1791), (0x1F21, 0x1799), (0x1F22, 0x17A2), (0x1F23, 0x17AE), (0x1F24, 0x17BA),
    (0x1F25, 0x17C6), (0x1F26, 0x17D2), (0x1F27, 0x17DE), (0x1F28, 0x17E9), (0x1F29, 0x17F1), (0x1F2A, 0x17FA), (0x1F2B, 0x1806),
    (0x1F2C, 0x1812), (0x1F2D, 0x181E), (0x1F2E, 0x182A), (0x1F2F, 0x1836), (0x1F30, 0x1841), (0x1F31, 0x1849), (0x1F32, 0x1852),
    (0x1F33, 0x185E), (0x1F34, 0x186A), (0x1F35, 0x1876), (0x1F36, 0x1882), (0x1F37, 0x188E), (0x1F38, 0x1899), (0x1F39, 0x18A1),
    (0x1F3A, 0x18AA), (0x1F3B, 0x18B6), (0x1F3C, 0x18C2), (0x1F3D, 0x18CE), (0x1F3E, 0x18DA), (0x1F3F, 0x18E6), (0x1F40, 0x18F1),
    (0x1F41, 0x18F9), (0x1F42, 0x1902), (0x1F43, 0x190E), (0x1F44, 0x191A), (0x1F45, 0x1926), (0x1F48, 0x1931), (0x1F49, 0x1939),
    (0x1F4A, 0x1942), (0x1F4B, 0x194E), (0x1F4C, 0x195A), (0x1F4D, 0x1966), (0x1F50, 0x1971), (0x1F51, 0x1979), (0x1F52, 0x1982),
    (0x1F53, 0x198E), (0x1F54, 0x199A), (0x1F55, 0x19A6), (0x1F56, 0x19B2), (0x1F57, 0x19BE), (0x1F59, 0x19C9), (0x1F5B, 0x19D2),
    (0x1F5D, 0x19DE), (0x1F5F, 0x19EA), (0x1F60, 0x19F5), (0x1F61, 0x19FD), (0x1F62, 0x1A06), (0x1F63, 0x1A12), (0x1F64, 0x1A1E),
    (0x1F65, 0x1A2A), (0x1F66, 0x1A36), (0x1F67, 0x1A42), (0x1F68, 0x1A4D), (0x1F69, 0x1A55), (0x1F6A, 0x1A5E), (0x1F6B, 0x1A6A),
    (0x1F6C, 0x1A76), (0x1F6D, 0x1A82), (0x1F6E, 0x1A8E), (0x1F6F, 0x1A9A), (0x1F70, 0x1AA5), (0x1F71, 0x1AAD), (0x1F72, 0x1AB5),
    (0x1F73, 0x1ABD), (0x1F74, 0x1AC5), (0x1F75, 0x1ACD), (0x1F76, 0x1AD5), (0x1F77, 0x1ADD), (0x1F78, 0x1AE5), (0x1F79, 0x1AED),
    (0x1F7A, 0x1AF5), (0x1F7B, 0x1AFD), (0x1F7C, 0x1B05), (0x1F7D, 0x1B0D), (0x1F80, 0x1B16), (0x1F81, 0x1B22), (0x1F82, 0x1B2F),
    (0x1F83, 0x1B3F), (0x1F84, 0x1B4F), (0x1F85, 0x1B5F), (0x1F86, 0x1B6F), (0x1F87, 0x1B7F), (0x1F88, 0x1B8E), (0x1F89, 0x1B9A),
    (0x1F8A, 0x1BA7), (0x1F8B, 0x1BB7), (0x1F8C, 0x1BC7), (0x1F8D, 0x1BD7), (0x1F8E, 0x1BE7), (0x1F8F, 0x1BF7), (0x1F90, 0x1C06),
    (0x1F91, 0x1C12), (0x1F92, 0x1C1F), (0x1F93, 0x1C2F), (0x1F94, 0x1C3F), (0x1F95, 0x1C4F), (0x1F96, 0x1C5F), (0x1F97, 0x1C6F),
    (0x1F98, 0x1C7E), (0x1F99, 0x1C8A), (0x1F9A, 0x1C97), (0x1F9B, 0x1CA7), (0x1F9C, 0x1CB7), (0x1F9D, 0x1CC7), (0x1F9E, 0x1CD7),
    (0x1F9F, 0x1CE7), (0x1FA0, 0x1CF6), (0x1FA1, 0x1D02), (0x1FA2, 0x1D0F), (0x1FA3, 0x1D1F), (0x1FA4, 0x1D2F), (0x1FA5, 0x1D3F),
    (0x1FA6, 0x1D4F), (0x1FA7, 0x1D5F), (0x1FA8, 0x1D6E), (0x1FA9, 0x1D7A), (0x1FAA, 0x1D87), (0x1FAB, 0x1D97), (0x1FAC, 0x1DA7),
    (0x1FAD, 0x1DB7), (0x1FAE, 0x1DC7), (0x1FAF, 0x1DD7), (0x1FB0, 0x1DE5), (0x1FB1, 0x1DED), (0x1FB2, 0x1DF6), (0x1FB3, 0x1E01),
    (0x1FB4, 0x1E0A), (0x1FB6, 0x1E15), (0x1FB7, 0x1E1E), (0x1FB8, 0x1E29), (0x1FB9, 0x1E31), (0x1FBA, 0x1E39), (0x1FBB, 0x1E41),
    (0x1FBC, 0x1E49), (0x1FBE, 0x1E50), (0x1FC1, 0x1E55), (0x1FC2, 0x1E5E), (0x1FC3, 0x1E69), (0x1FC4, 0x1E72), (0x1FC6, 0x1E7D),
    (0x1FC7, 0x1E86), (0x1FC8, 0x1E91), (0x1FC9, 0x1E99), (0x1FCA, 0x1EA1), (0x1FCB, 0x1EA9), (0x1FCC, 0x1EB1), (0x1FCD, 0x1EB9),
    (0x1FCE, 0x1EC1), (0x1FCF, 0x1EC9), (0x1FD0, 0x1ED1), (0x1FD1, 0x1ED9), (0x1FD2, 0x1EE2), (0x1FD3, 0x1EEE), (0x1FD6, 0x1EF9),
    (0x1FD7, 0x1F02), (0x1FD8, 0x1F0D), (0x1FD9, 0x1F15), (0x1FDA, 0x1F1D), (0x1FDB, 0x1F25), (0x1FDD, 0x1F2D), (0x1FDE, 0x1F35),
    (0x1FDF, 0x1F3D), (0x1FE0, 0x1F45), (0x1FE1, 0x1F4D), (0x1FE2, 0x1F56), (0x1FE3, 0x1F62), (0x1FE4, 0x1F6D), (0x1FE5, 0x1F75),
    (0x1FE6, 0x1F7D), (0x1FE7, 0x1F86), (0x1FE8, 0x1F91), (0x1FE9, 0x1F99), (0x1FEA, 0x1FA1), (0x1FEB, 0x1FA9), (0x1FEC, 0x1FB1),
    (0x1FED, 0x1FB9), (0x1FEE, 0x1FC1), (0x1FEF, 0x1FC8), (0x1FF2, 0x1FCE), (0x1FF3, 0x1FD9), (0x1FF4, 0x1FE2), (0x1FF6, 0x1FED),
    (0x1FF7, 0x1FF6), (0x1FF8, 0x2001), (0x1FF9, 0x2009), (0x1FFA, 0x2011), (0x1FFB, 0x2019), (0x1FFC, 0x2021), (0x1FFD, 0x2028),
    (0x2000, 0x202C), (0x2001, 0x2030), (0x2126, 0x2034), (0x212A, 0x2038), (0x212B, 0x203D), (0x219A, 0x2045), (0x219B, 0x204D),
    (0x21AE, 0x2055), (0x21CD, 0x205D), (0x21CE, 0x2065), (0x21CF, 0x206D), (0x2204, 0x2075), (0x2209, 0x207D), (0x220C, 0x2085),
    (0x2224, 0x208D), (0x2226, 0x2095), (0x2241, 0x209D), (0x2244, 0x20A5), (0x2247, 0x20AD), (0x2249, 0x20B5), (0x2260, 0x20BD),
    (0x2262, 0x20C5), (0x226D, 0x20CD), (0x226E, 0x20D5), (0x226F, 0x20DD), (0x2270, 0x20E5), (0x2271, 0x20ED), (0x2274, 0x20F5),
    (0x2275, 0x20FD), (0x2278, 0x2105), (0x2279, 0x210D), (0x2280, 0x2115), (0x2281, 0x211D), (0x2284, 0x2125), (0x2285, 0x212D),
    (0x2288, 0x2135), (0x2289, 0x213D), (0x22AC, 0x2145), (0x22AD, 0x214D), (0x22AE, 0x2155), (0x22AF, 0x215D), (0x22E0, 0x2165),
    (0x22E1, 0x216D), (0x22E2, 0x2175), (0x22E3, 0x217D), (0x22EA, 0x2185), (0x22EB, 0x218D), (0x22EC, 0x2195), (0x22ED, 0x219D),
    (0x2329, 0x21A4), (0x232A, 0x21A8), (0x2ADC, 0x21AD), (0x304C, 0x21B5), (0x304E, 0x21BD), (0x3050, 0x21C5), (0x3052, 0x21CD),
    (0x3054, 0x21D5), (0x3056, 0x21DD), (0x3058, 0x21E5), (0x305A, 0x21ED), (0x305C, 0x21F5), (0x305E, 0x21FD), (0x3060, 0x2205),
    (0x3062, 0x220D), (0x3065, 0x2215), (0x3067, 0x221D), (0x3069, 0x2225), (0x3070, 0x222D), (0x3071, 0x2235), (0x3073, 0x223D),
    (0x3074, 0x2245), (0x3076, 0x224D), (0x3077, 0x2255), (0x3079, 0x225D), (0x307A, 0x2265), (0x307C, 0x226D), (0x307D, 0x2275),
    (0x3094, 0x227D), (0x309E, 0x2285), (0x30AC, 0x228D), (0x30AE, 0x2295), (0x30B0, 0x229D), (0x30B2, 0x22A5), (0x30B4, 0x22AD),
    (0x30B6, 0x22B5), (0x30B8, 0x22BD), (0x30BA, 0x22C5), (0x30BC, 0x22CD), (0x30BE, 0x22D5), (0x30C0, 0x22DD), (0x30C2, 0x22E5),
    (0x30C5, 0x22ED), (0x30C7, 0x22F5), (0x30C9, 0x22FD), (0x30D0, 0x2305), (0x30D1, 0x230D), (0x30D3, 0x2315), (0x30D4, 0x231D),
    (0x30D6, 0x2325), (0x30D7, 0x232D), (0x30D9, 0x2335), (0x30DA, 0x233D), (0x30DC, 0x2345), (0x30DD, 0x234D), (0x30F4, 0x2355),
    (0x30F7, 0x235D), (0x30F8, 0x2365), (0x30F9, 0x236D), (0x30FA, 0x2375), (0x30FE, 0x237D), (0xF900, 0x2384), (0xF901, 0x2388),
    (0xF902, 0x238C), (0xF903, 0x2390), (0xF904, 0x2394), (0xF905, 0x2398), (0xF906, 0x239C), (0xF907, 0x23A0), (0xF908, 0x23A4),
    (0xF909, 0x23A8), (0xF90A, 0x23AC), (0xF90B, 0x23B0), (0xF90C, 0x23B4), (0xF90D, 0x23B8), (0xF90E, 0x23BC), (0xF90F, 0x23C0),
    (0xF910, 0x23C4), (0xF911, 0x23C8), (0xF912, 0x23CC), (0xF913, 0x23D0), (0xF914, 0x23D4), (0xF915, 0x23D8), (0xF916, 0x23DC),
    (0xF917, 0x23E0), (0xF918, 0x23E4), (0xF919, 0x23E8), (0xF91A, 0x23EC), (0xF91B, 0x23F0), (0xF91C, 0x23F4), (0xF91D, 0x23F8),
    (0xF91E, 0x23FC), (0xF91F, 0x2400), (0xF920, 0x2404), (0xF921, 0x2408), (0xF922, 0x240C), (0xF923, 0x2410), (0xF924, 0x2414),
    (0xF925, 0x2418), (0xF926, 0x241C), (0xF927, 0x2420), (0xF928, 0x2424), (0xF929, 0x2428), (0xF92A, 0x242C), (0xF92B, 0x2430),
    (0xF92C, 0x2434), (0xF92D, 0x2438), (0xF92E, 0x243C), (0xF92F, 0x2440), (0xF930, 0x2444), (0xF931, 0x2448), (0xF932, 0x244C),
    (0xF933, 0x2450), (0xF934, 0x2454), (0xF935, 0x2458), (0xF936, 0x245C), (0xF937, 0x2460), (0xF938, 0x2464), (0xF939, 0x2468),
    (0xF93A, 0x246C), (0xF93B, 0x2470), (0xF93C, 0x2474), (0xF93D, 0x2478), (0xF93E, 0x247C), (0xF93F, 0x2480), (0xF940, 0x2484),
    (0xF941, 0x2488), (0xF942, 0x248C), (0xF943, 0x2490), (0xF944, 0x2494), (0xF945, 0x2498), (0xF946, 0x249C), (0xF947, 0x24A0),
    (0xF948, 0x24A4), (0xF949, 0x24A8), (0xF94A, 0x24AC), (0xF94B, 0x24B0), (0xF94C, 0x24B4), (0xF94D, 0x24B8), (0xF94E, 0x24BC),
    (0xF94F, 0x24C0), (0xF950, 0x24C4), (0xF951, 0x24C8), (0xF952, 0x24CC), (0xF953, 0x24D0), (0xF954, 0x24D4), (0xF955, 0x24D8),
    (0xF956, 0x24DC), (0xF957, 0x24E0), (0xF958, 0x24E4), (0xF959, 0x24E8), (0xF95A, 0x24EC), (0xF95B, 0x24F0), (0xF95C, 0x24F4),
    (0xF95D, 0x24F8), (0xF95E, 0x24FC), (0xF95F, 0x2500), (0xF960, 0x2504), (0xF961, 0x2508), (0xF962, 0x250C), (0xF963, 0x2510),
    (0xF964, 0x2514), (0xF965, 0x2518), (0xF966, 0x251C), (0xF967, 0x2520), (0xF968, 0x2524), (0xF969, 0x2528), (0xF96A, 0x252C),
    (0xF96B, 0x2530), (0xF96C, 0x2534), (0xF96D, 0x2538), (0xF96E, 0x253C), (0xF96F, 0x2540), (0xF970, 0x2544), (0xF971, 0x2548),
    (0xF972, 0x254C), (0xF973, 0x2550), (0xF974, 0x2554), (0xF975, 0x2558), (0xF976, 0x255C), (0xF977, 0x2560), (0xF978, 0x2564),
    (0xF979, 0x2568), (0xF97A, 0x256C), (0xF97B, 0x2570), (0xF97C, 0x2574), (0xF97D, 0x2578), (0xF97E, 0x257C), (0xF97F, 0x2580),
    (0xF980, 0x2584), (0xF981, 0x2588), (0xF982, 0x258C), (0xF983, 0x2590), (0xF984, 0x2594), (0xF985, 0x2598), (0xF986, 0x259C),
    (0xF987, 0x25A0), (0xF988, 0x25A4), (0xF989, 0x25A8), (0xF98A, 0x25AC), (0xF98B, 0x25B0), (0xF98C, 0x25B4), (0xF98D, 0x25B8),
    (0xF98E, 0x25BC), (0xF98F, 0x25C0), (0xF990, 0x25C4), (0xF991, 0x25C8), (0xF992, 0x25CC), (0xF993, 0x25D0), (0xF994, 0x25D4),
    (0xF995, 0x25D8), (0xF996, 0x25DC), (0xF997, 0x25E0), (0xF998, 0x25E4), (0xF999, 0x25E8), (0xF99A, 0x25EC), (0xF99B, 0x25F0),
    (0xF99C, 0x25F4), (0xF99D, 0x25F8), (0xF99E, 0x25FC), (0xF99F, 0x2600), (0xF9A0, 0x2604), (0xF9A1, 0x2608), (0xF9A2, 0x260C),
    (0xF9A3, 0x2610), (0xF9A4, 0x2614), (0xF9A5, 0x2618), (0xF9A6, 0x261C), (0xF9A7, 0x2620), (0xF9A8, 0x2624), (0xF9A9, 0x2628),
    (0xF9AA, 0x262C), (0xF9AB, 0x2630), (0xF9AC, 0x2634), (0xF9AD, 0x2638), (0xF9AE, 0x263C), (0xF9AF, 0x2640), (0xF9B0, 0x2644),
    (0xF9B1, 0x2648), (0xF9B2, 0x264C), (0xF9B3, 0x2650), (0xF9B4, 0x2654), (0xF9B5, 0x2658), (0xF9B6, 0x265C), (0xF9B7, 0x2660),
    (0xF9B8, 0x2664), (0xF9B9, 0x2668), (0xF9BA, 0x266C), (0xF9BB, 0x2670), (0xF9BC, 0x2674), (0xF9BD, 0x2678), (0xF9BE, 0x267C),
    (0xF9BF, 0x2680), (0xF9C0, 0x2684), (0xF9C1, 0x2688), (0xF9C2, 0x268C), (0xF9C3, 0x2690), (0xF9C4, 0x2694), (0xF9C5, 0x2698),
    (0xF9C6, 0x269C), (0xF9C7, 0x26A0), (0xF9C8, 0x26A4), (0xF9C9, 0x26A8), (0xF9CA, 0x26AC), (0xF9CB, 0x26B0), (0xF9CC, 0x26B4),
    (0xF9CD, 0x26B8), (0xF9CE, 0x26BC), (0xF9CF, 0x26C0), (0xF9D0, 0x26C4), (0xF9D1, 0x26C8), (0xF9D2, 0x26CC), (0xF9D3, 0x26D0),
    (0xF9D4, 0x26D4), (0xF9D5, 0x26D8), (0xF9D6, 0x26DC), (0xF9D7, 0x26E0), (0xF9D8, 0x26E4), (0xF9D9, 0x26E8), (0xF9DA, 0x26EC),
    (0xF9DB, 0x26F0), (0xF9DC, 0x26F4), (0xF9DD, 0x26F8), (0xF9DE, 0x26FC), (0xF9DF, 0x2700), (0xF9E0, 0x2704), (0xF9E1, 0x2708),
    (0xF9E2, 0x270C), (0xF9E3, 0x2710), (0xF9E4, 0x2714), (0xF9E5, 0x2718), (0xF9E6, 0x271C), (0xF9E7, 0x2720), (0xF9E8, 0x2724),
    (0xF9E9, 0x2728), (0xF9EA, 0x272C), (0xF9EB, 0x2730), (0xF9EC, 0x2734), (0xF9ED, 0x2738), (0xF9EE, 0x273C), (0xF9EF, 0x2740),
    (0xF9F0, 0x2744), (0xF9F1, 0x2748), (0xF9F2, 0x274C), (0xF9F3, 0x2750), (0xF9F4, 0x2754), (0xF9F5, 0x2758), (0xF9F6, 0x275C),
    (0xF9F7, 0x2760), (0xF9F8, 0x2764), (0xF9F9, 0x2768), (0xF9FA, 0x276C), (0xF9FB, 0x2770), (0xF9FC, 0x2774), (0xF9FD, 0x2778),
    (0xF9FE, 0x277C), (0xF9FF, 0x2780), (0xFA00, 0x2784), (0xFA01, 0x2788), (0xFA02, 0x278C), (0xFA03, 0x2790), (0xFA04, 0x2794),
    (0xFA05, 0x2798), (0xFA06, 0x279C), (0xFA07, 0x27A0), (0xFA08, 0x27A4), (0xFA09, 0x27A8), (0xFA0A, 0x27AC), (0xFA0B, 0x27B0),
    (0xFA0C, 0x27B4), (0xFA0D, 0x27B8), (0xFA10, 0x27BC), (0xFA12, 0x27C0), (0xFA15, 0x27C4), (0xFA16, 0x27C8), (0xFA17, 0x27CC),
    (0xFA18, 0x27D0), (0xFA19, 0x27D4), (0xFA1A, 0x27D8), (0xFA1B, 0x27DC), (0xFA1C, 0x27E0), (0xFA1D, 0x27E4), (0xFA1E, 0x27E8),
    (0xFA20, 0x27EC), (0xFA22, 0x27F0), (0xFA25, 0x27F4), (0xFA26, 0x27F8), (0xFA2A, 0x27FC), (0xFA2B, 0x2800), (0xFA2C, 0x2804),
    (0xFA2D, 0x2808), (0xFA2E, 0x280C), (0xFA2F, 0x2810), (0xFA30, 0x2814), (0xFA31, 0x2818), (0xFA32, 0x281C), (0xFA33, 0x2820),
    (0xFA34, 0x2824), (0xFA35, 0x2828), (0xFA36, 0x282C), (0xFA37, 0x2830), (0xFA38, 0x2834), (0xFA39, 0x2838), (0xFA3A, 0x283C),
    (0xFA3B, 0x2840), (0xFA3C, 0x2844), (0xFA3D, 0x2848), (0xFA3E, 0x284C), (0xFA3F, 0x2850), (0xFA40, 0x2854), (0xFA41, 0x2858),
    (0xFA42, 0x285C), (0xFA43, 0x2860), (0xFA44, 0x2864), (0xFA45, 0x2868), (0xFA46, 0x286C), (0xFA47, 0x2870), (0xFA48, 0x2874),
    (0xFA49, 0x2878), (0xFA4A, 0x287C), (0xFA4B, 0x2880), (0xFA4C, 0x2884), (0xFA4D, 0x2888), (0xFA4E, 0x288C), (0xFA4F, 0x2890),
    (0xFA50, 0x2894), (0xFA51, 0x2898), (0xFA52, 0x289C), (0xFA53, 0x28A0), (0xFA54, 0x28A4), (0xFA55, 0x28A8), (0xFA56, 0x28AC),
    (0xFA57, 0x28B0), (0xFA58, 0x28B4), (0xFA59, 0x28B8), (0xFA5A, 0x28BC), (0xFA5B, 0x28C0), (0xFA5C, 0x28C4), (0xFA5D, 0x28C8),
    (0xFA5E, 0x28CC), (0xFA5F, 0x28D0), (0xFA60, 0x28D4), (0xFA61, 0x28D8), (0xFA62, 0x28DC), (0xFA63, 0x28E0), (0xFA64, 0x28E4),
    (0xFA65, 0x28E8), (0xFA66, 0x28EC), (0xFA67, 0x28F0), (0xFA68, 0x28F4), (0xFA69, 0x28F8), (0xFA6A, 0x28FC), (0xFA6B, 0x2900),
    (0xFA6C, 0x2904), (0xFA6D, 0x2908), (0xFA70, 0x290C), (0xFA71, 0x2910), (0xFA72, 0x2914), (0xFA73, 0x2918), (0xFA74, 0x291C),
    (0xFA75, 0x2920), (0xFA76, 0x2924), (0xFA77, 0x2928), (0xFA78, 0x292C), (0xFA79, 0x2930), (0xFA7A, 0x2934), (0xFA7B, 0x2938),
    (0xFA7C, 0x293C), (0xFA7D, 0x2940), (0xFA7E, 0x2944), (0xFA7F, 0x2948), (0xFA80, 0x294C), (0xFA81, 0x2950), (0xFA82, 0x2954),
    (0xFA83, 0x2958), (0xFA84, 0x295C), (0xFA85, 0x2960), (0xFA86, 0x2964), (0xFA87, 0x2968), (0xFA88, 0x296C), (0xFA89, 0x2970),
    (0xFA8A, 0x2974), (0xFA8B, 0x2978), (0xFA8C, 0x297C), (0xFA8D, 0x2980), (0xFA8E, 0x2984), (0xFA8F, 0x2988), (0xFA90, 0x298C),
    (0xFA91, 0x2990), (0xFA92, 0x2994), (0xFA93, 0x2998), (0xFA94, 0x299C), (0xFA95, 0x29A0), (0xFA96, 0x29A4), (0xFA97, 0x29A8),
    (0xFA98, 0x29AC), (0xFA99, 0x29B0), (0xFA9A, 0x29B4), (0xFA9B, 0x29B8), (0xFA9C, 0x29BC), (0xFA9D, 0x29C0), (0xFA9E, 0x29C4),
    (0xFA9F, 0x29C8), (0xFAA0, 0x29CC), (0xFAA1, 0x29D0), (0xFAA2, 0x29D4), (0xFAA3, 0x29D8), (0xFAA4, 0x29DC), (0xFAA5, 0x29E0),
    (0xFAA6, 0x29E4), (0xFAA7, 0x29E8), (0xFAA8, 0x29EC), (0xFAA9, 0x29F0), (0xFAAA, 0x29F4), (0xFAAB, 0x29F8), (0xFAAC, 0x29FC),
    (0xFAAD, 0x2A00), (0xFAAE, 0x2A04), (0xFAAF, 0x2A08), (0xFAB0, 0x2A0C), (0xFAB1, 0x2A10), (0xFAB2, 0x2A14), (0xFAB3, 0x2A18),
    (0xFAB4, 0x2A1C), (0xFAB5, 0x2A20), (0xFAB6, 0x2A24), (0xFAB7, 0x2A28), (0xFAB8, 0x2A2C), (0xFAB9, 0x2A30), (0xFABA, 0x2A34),
    (0xFABB, 0x2A38), (0xFABC, 0x2A3C), (0xFABD, 0x2A40), (0xFABE, 0x2A44), (0xFABF, 0x2A48), (0xFAC0, 0x2A4C), (0xFAC1, 0x2A50),
    (0xFAC2, 0x2A54), (0xFAC3, 0x2A58), (0xFAC4, 0x2A5C), (0xFAC5, 0x2A60), (0xFAC6, 0x2A64), (0xFAC7, 0x2A68), (0xFAC8, 0x2A6C),
    (0xFAC9, 0x2A70), (0xFACA, 0x2A74), (0xFACB, 0x2A78), (0xFACC, 0x2A7C), (0xFACD, 0x2A80), (0xFACE, 0x2A84), (0xFACF, 0x2A88),
    (0xFAD0, 0x2A8C), (0xFAD1, 0x2A90), (0xFAD2, 0x2A94), (0xFAD3, 0x2A98), (0xFAD4, 0x2A9C), (0xFAD5, 0x2AA0), (0xFAD6, 0x2AA4),
    (0xFAD7, 0x2AA8), (0xFAD8, 0x2AAC), (0xFAD9, 0x2AB0), (0xFB1D, 0x2AB5), (0xFB1F, 0x2ABD), (0xFB2A, 0x2AC5), (0xFB2B, 0x2ACD),
    (0xFB2C, 0x2AD6), (0xFB2D, 0x2AE2), (0xFB2E, 0x2AED), (0xFB2F, 0x2AF5), (0xFB30, 0x2AFD), (0xFB31, 0x2B05), (0xFB32, 0x2B0D),
    (0xFB33, 0x2B15), (0xFB34, 0x2B1D), (0xFB35, 0x2B25), (0xFB36, 0x2B2D), (0xFB38, 0x2B35), (0xFB39, 0x2B3D), (0xFB3A, 0x2B45),
    (0xFB3B, 0x2B4D), (0xFB3C, 0x2B55), (0xFB3E, 0x2B5D), (0xFB40, 0x2B65), (0xFB41, 0x2B6D), (0xFB43, 0x2B75), (0xFB44, 0x2B7D),
    (0xFB46, 0x2B85), (0xFB47, 0x2B8D), (0xFB48, 0x2B95), (0xFB49, 0x2B9D), (0xFB4A, 0x2BA5), (0xFB4B, 0x2BAD), (0xFB4C, 0x2BB5),
    (0xFB4D, 0x2BBD), (0xFB4E, 0x2BC5), (0x1109A, 0x2BCD), (0x1109C, 0x2BD5), (0x110AB, 0x2BDD), (0x1112E, 0x2BE5), (0x1112F, 0x2BED),
    (0x1134B, 0x2BF5), (0x1134C, 0x2BFD), (0x114BB, 0x2C05), (0x114BC, 0x2C0D), (0x114BE, 0x2C15), (0x115BA, 0x2C1D), (0x115BB, 0x2C25),
    (0x1D15E, 0x2C2D), (0x1D15F, 0x2C35), (0x1D160, 0x2C3E), (0x1D161, 0x2C4A), (0x1D162, 0x2C56), (0x1D163, 0x2C62), (0x1D164, 0x2C6E),
    (0x1D1BB, 0x2C79), (0x1D1BC, 0x2C81), (0x1D1BD, 0x2C8A), (0x1D1BE, 0x2C96), (0x1D1BF, 0x2CA2), (0x1D1C0, 0x2CAE), (0x2F800, 0x2CB8),
    (0x2F801, 0x2CBC), (0x2F802, 0x2CC0), (0x2F803, 0x2CC4), (0x2F804, 0x2CC8), (0x2F805, 0x2CCC), (0x2F806, 0x2CD0), (0x2F807, 0x2CD4),
    (0x2F808, 0x2CD8), (0x2F809, 0x2CDC), (0x2F80A, 0x2CE0), (0x2F80B, 0x2CE4), (0x2F80C, 0x2CE8), (0x2F80D, 0x2CEC), (0x2F80E, 0x2CF0),
    (0x2F80F, 0x2CF4), (0x2F810, 0x2CF8), (0x2F811, 0x2CFC), (0x2F812, 0x2D00), (0x2F813, 0x2D04), (0x2F814, 0x2D08), (0x2F815, 0x2D0C),
    (0x2F816, 0x2D10), (0x2F817, 0x2D14), (0x2F818, 0x2D18), (0x2F819, 0x2D1C), (0x2F81A, 0x2D20), (0x2F81B, 0x2D24), (0x2F81C, 0x2D28),
    (0x2F81D, 0x2D2C), (0x2F81E, 0x2D30), (0x2F81F, 0x2D34), (0x2F820, 0x2D38), (0x2F821, 0x2D3C), (0x2F822, 0x2D40), (0x2F823, 0x2D44),
    (0x2F824, 0x2D48), (0x2F825, 0x2D4C), (0x2F826, 0x2D50), (0x2F827, 0x2D54), (0x2F828, 0x2D58), (0x2F829, 0x2D5C), (0x2F82A, 0x2D60),
    (0x2F82B, 0x2D64), (0x2F82C, 0x2D68), (0x2F82D, 0x2D6C), (0x2F82E, 0x2D70), (0x2F82F, 0x2D74), (0x2F830, 0x2D78), (0x2F831, 0x2D7C),
    (0x2F832, 0x2D80), (0x2F833, 0x2D84), (0x2F834, 0x2D88), (0x2F835, 0x2D8C), (0x2F836, 0x2D90), (0x2F837, 0x2D94), (0x2F838, 0x2D98),
    (0x2F839, 0x2D9C), (0x2F83A, 0x2DA0), (0x2F83B, 0x2DA4), (0x2F83C, 0x2DA8), (0x2F83D, 0x2DAC), (0x2F83E, 0x2DB0), (0x2F83F, 0x2DB4),
    (0x2F840, 0x2DB8), (0x2F841, 0x2DBC), (0x2F842, 0x2DC0), (0x2F843, 0x2DC4), (0x2F844, 0x2DC8), (0x2F845, 0x2DCC), (0x2F846, 0x2DD0),
    (0x2F847, 0x2DD4), (0x2F848, 0x2DD8), (0x2F849, 0x2DDC), (0x2F84A, 0x2DE0), (0x2F84B, 0x2DE4), (0x2F84C, 0x2DE8), (0x2F84D, 0x2DEC),
    (0x2F84E, 0x2DF0), (0x2F84F, 0x2DF4), (0x2F850, 0x2DF8), (0x2F851, 0x2DFC), (0x2F852, 0x2E00), (0x2F853, 0x2E04), (0x2F854, 0x2E08),
    (0x2F855, 0x2E0C), (0x2F856, 0x2E10), (0x2F857, 0x2E14), (0x2F858, 0x2E18), (0x2F859, 0x2E1C), (0x2F85A, 0x2E20), (0x2F85B, 0x2E24),
    (0x2F85C, 0x2E28), (0x2F85D, 0x2E2C), (0x2F85E, 0x2E30), (0x2F85F, 0x2E34), (0x2F860, 0x2E38), (0x2F861, 0x2E3C), (0x2F862, 0x2E40),
    (0x2F863, 0x2E44), (0x2F864, 0x2E48), (0x2F865, 0x2E4C), (0x2F866, 0x2E50), (0x2F867, 0x2E54), (0x2F868, 0x2E58), (0x2F869, 0x2E5C),
    (0x2F86A, 0x2E60), (0x2F86B, 0x2E64), (0x2F86C, 0x2E68), (0x2F86D, 0x2E6C), (0x2F86E, 0x2E70), (0x2F86F, 0x2E74), (0x2F870, 0x2E78),
    (0x2F871, 0x2E7C), (0x2F872, 0x2E80), (0x2F873, 0x2E84), (0x2F874, 0x2E88), (0x2F875, 0x2E8C), (0x2F876, 0x2E90), (0x2F877, 0x2E94),
    (0x2F878, 0x2E98), (0x2F879, 0x2E9C), (0x2F87A, 0x2EA0), (0x2F87B, 0x2EA4), (0x2F87C, 0x2EA8), (0x2F87D, 0x2EAC), (0x2F87E, 0x2EB0),
    (0x2F87F, 0x2EB4), (0x2F880, 0x2EB8), (0x2F881, 0x2EBC), (0x2F882, 0x2EC0), (0x2F883, 0x2EC4), (0x2F884, 0x2EC8), (0x2F885, 0x2ECC),
    (0x2F886, 0x2ED0), (0x2F887, 0x2ED4), (0x2F888, 0x2ED8), (0x2F889, 0x2EDC), (0x2F88A, 0x2EE0), (0x2F88B, 0x2EE4), (0x2F88C, 0x2EE8),
    (0x2F88D, 0x2EEC), (0x2F88E, 0x2EF0), (0x2F88F, 0x2EF4), (0x2F890, 0x2EF8), (0x2F891, 0x2EFC), (0x2F892, 0x2F00), (0x2F893, 0x2F04),
    (0x2F894, 0x2F08), (0x2F895, 0x2F0C), (0x2F896, 0x2F10), (0x2F897, 0x2F14), (0x2F898, 0x2F18), (0x2F899, 0x2F1C), (0x2F89A, 0x2F20),
    (0x2F89B, 0x2F24), (0x2F89C, 0x2F28), (0x2F89D, 0x2F2C), (0x2F89E, 0x2F30), (0x2F89F, 0x2F34), (0x2F8A0, 0x2F38), (0x2F8A1, 0x2F3C),
    (0x2F8A2, 0x2F40), (0x2F8A3, 0x2F44), (0x2F8A4, 0x2F48), (0x2F8A5, 0x2F4C), (0x2F8A6, 0x2F50), (0x2F8A7, 0x2F54), (0x2F8A8, 0x2F58),
    (0x2F8A9, 0x2F5C), (0x2F8AA, 0x2F60), (0x2F8AB, 0x2F64), (0x2F8AC, 0x2F68), (0x2F8AD, 0x2F6C), (0x2F8AE, 0x2F70), (0x2F8AF, 0x2F74),
    (0x2F8B0, 0x2F78), (0x2F8B1, 0x2F7C), (0x2F8B2, 0x2F80), (0x2F8B3, 0x2F84), (0x2F8B4, 0x2F88), (0x2F8B5, 0x2F8C), (0x2F8B6, 0x2F90),
    (0x2F8B7, 0x2F94), (0x2F8B8, 0x2F98), (0x2F8B9, 0x2F9C), (0x2F8BA, 0x2FA0), (0x2F8BB, 0x2FA4), (0x2F8BC, 0x2FA8), (0x2F8BD, 0x2FAC),
    (0x2F8BE, 0x2FB0), (0x2F8BF, 0x2FB4), (0x2F8C0, 0x2FB8), (0x2F8C1, 0x2FBC), (0x2F8C2, 0x2FC0), (0x2F8C3, 0x2FC4), (0x2F8C4, 0x2FC8),
    (0x2F8C5, 0x2FCC), (0x2F8C6, 0x2FD0), (0x2F8C7, 0x2FD4), (0x2F8C8, 0x2FD8), (0x2F8C9, 0x2FDC), (0x2F8CA, 0x2FE0), (0x2F8CB, 0x2FE4),
    (0x2F8CC, 0x2FE8), (0x2F8CD, 0x2FEC), (0x2F8CE, 0x2FF0), (0x2F8CF, 0x2FF4), (0x2F8D0, 0x2FF8), (0x2F8D1, 0x2FFC), (0x2F8D2, 0x3000),
    (0x2F8D3, 0x3004), (0x2F8D4, 0x3008), (0x2F8D5, 0x300C), (0x2F8D6, 0x3010), (0x2F8D7, 0x3014), (0x2F8D8, 0x3018), (0x2F8D9, 0x301C),
    (0x2F8DA, 0x3020), (0x2F8DB, 0x3024), (0x2F8DC, 0x3028), (0x2F8DD, 0x302C), (0x2F8DE, 0x3030), (0x2F8DF, 0x3034), (0x2F8E0, 0x3038),
    (0x2F8E1, 0x303C), (0x2F8E2, 0x3040), (0x2F8E3, 0x3044), (0x2F8E4, 0x3048), (0x2F8E5, 0x304C), (0x2F8E6, 0x3050), (0x2F8E7, 0x3054),
    (0x2F8E8, 0x3058), (0x2F8E9, 0x305C), (0x2F8EA, 0x3060), (0x2F8EB, 0x3064), (0x2F8EC, 0x3068), (0x2F8ED, 0x306C), (0x2F8EE, 0x3070),
    (0x2F8EF, 0x3074), (0x2F8F0, 0x3078), (0x2F8F1, 0x307C), (0x2F8F2, 0x3080), (0x2F8F3, 0x3084), (0x2F8F4, 0x3088), (0x2F8F5, 0x308C),
    (0x2F8F6, 0x3090), (0x2F8F7, 0x3094), (0x2F8F8, 0x3098), (0x2F8F9, 0x309C), (0x2F8FA, 0x30A0), (0x2F8FB, 0x30A4), (0x2F8FC, 0x30A8),
    (0x2F8FD, 0x30AC), (0x2F8FE, 0x30B0), (0x2F8FF, 0x30B4), (0x2F900, 0x30B8), (0x2F901, 0x30BC), (0x2F902, 0x30C0), (0x2F903, 0x30C4),
    (0x2F904, 0x30C8), (0x2F905, 0x30CC), (0x2F906, 0x30D0), (0x2F907, 0x30D4), (0x2F908, 0x30D8), (0x2F909, 0x30DC), (0x2F90A, 0x30E0),
    (0x2F90B, 0x30E4), (0x2F90C, 0x30E8), (0x2F90D, 0x30EC), (0x2F90E, 0x30F0), (0x2F90F, 0x30F4), (0x2F910, 0x30F8), (0x2F911, 0x30FC),
    (0x2F912, 0x3100), (0x2F913, 0x3104), (0x2F914, 0x3108), (0x2F915, 0x310C), (0x2F916, 0x3110), (0x2F917, 0x3114), (0x2F918, 0x3118),
    (0x2F919, 0x311C), (0x2F91A, 0x3120), (0x2F91B, 0x3124), (0x2F91C, 0x3128), (0x2F91D, 0x312C), (0x2F91E, 0x3130), (0x2F91F, 0x3134),
    (0x2F920, 0x3138), (0x2F921, 0x313C), (0x2F922, 0x3140), (0x2F923, 0x3144), (0x2F924, 0x3148), (0x2F925, 0x314C), (0x2F926, 0x3150),
    (0x2F927, 0x3154), (0x2F928, 0x3158), (0x2F929, 0x315C), (0x2F92A, 0x3160), (0x2F92B, 0x3164), (0x2F92C, 0x3168), (0x2F92D, 0x316C),
    (0x2F92E, 0x3170), (0x2F92F, 0x3174), (0x2F930, 0x3178), (0x2F931, 0x317C), (0x2F932, 0x3180), (0x2F933, 0x3184), (0x2F934, 0x3188),
    (0x2F935, 0x318C), (0x2F936, 0x3190), (0x2F937, 0x3194), (0x2F938, 0x3198), (0x2F939, 0x319C), (0x2F93A, 0x31A0), (0x2F93B, 0x31A4),
    (0x2F93C, 0x31A8), (0x2F93D, 0x31AC), (0x2F93E, 0x31B0), (0x2F93F, 0x31B4), (0x2F940, 0x31B8), (0x2F941, 0x31BC), (0x2F942, 0x31C0),
    (0x2F943, 0x31C4), (0x2F944, 0x31C8), (0x2F945, 0x31CC), (0x2F946, 0x31D0), (0x2F947, 0x31D4), (0x2F948, 0x31D8), (0x2F949, 0x31DC),
    (0x2F94A, 0x31E0), (0x2F94B, 0x31E4), (0x2F94C, 0x31E8), (0x2F94D, 0x31EC), (0x2F94E, 0x31F0), (0x2F94F, 0x31F4), (0x2F950, 0x31F8),
    (0x2F951, 0x31FC), (0x2F952, 0x3200), (0x2F953, 0x3204), (0x2F954, 0x3208), (0x2F955, 0x320C), (0x2F956, 0x3210), (0x2F957, 0x3214),
    (0x2F958, 0x3218), (0x2F959, 0x321C), (0x2F95A, 0x3220), (0x2F95B, 0x3224), (0x2F95C, 0x3228), (0x2F95D, 0x322C), (0x2F95E, 0x3230),
    (0x2F95F, 0x3234), (0x2F960, 0x3238), (0x2F961, 0x323C), (0x2F962, 0x3240), (0x2F963, 0x3244), (0x2F964, 0x3248), (0x2F965, 0x324C),
    (0x2F966, 0x3250), (0x2F967, 0x3254), (0x2F968, 0x3258), (0x2F969, 0x325C), (0x2F96A, 0x3260), (0x2F96B, 0x3264), (0x2F96C, 0x3268),
    (0x2F96D, 0x326C), (0x2F96E, 0x3270), (0x2F96F, 0x3274), (0x2F970, 0x3278), (0x2F971, 0x327C), (0x2F972, 0x3280), (0x2F973, 0x3284),
    (0x2F974, 0x3288), (0x2F975, 0x328C), (0x2F976, 0x3290), (0x2F977, 0x3294), (0x2F978, 0x3298), (0x2F979, 0x329C), (0x2F97A, 0x32A0),
    (0x2F97B, 0x32A4), (0x2F97C, 0x32A8), (0x2F97D, 0x32AC), (0x2F97E, 0x32B0), (0x2F97F, 0x32B4), (0x2F980, 0x32B8), (0x2F981, 0x32BC),
    (0x2F982, 0x32C0), (0x2F983, 0x32C4), (0x2F984, 0x32C8), (0x2F985, 0x32CC), (0x2F986, 0x32D0), (0x2F987, 0x32D4), (0x2F988, 0x32D8),
    (0x2F989, 0x32DC), (0x2F98A, 0x32E0), (0x2F98B, 0x32E4), (0x2F98C, 0x32E8), (0x2F98D, 0x32EC), (0x2F98E, 0x32F0), (0x2F98F, 0x32F4),
    (0x2F990, 0x32F8), (0x2F991, 0x32FC), (0x2F992, 0x3300), (0x2F993, 0x3304), (0x2F994, 0x3308), (0x2F995, 0x330C), (0x2F996, 0x3310),
    (0x2F997, 0x3314), (0x2F998, 0x3318), (0x2F999, 0x331C), (0x2F99A, 0x3320), (0x2F99B, 0x3324), (0x2F99C, 0x3328), (0x2F99D, 0x332C),
    (0x2F99E, 0x3330), (0x2F99F, 0x3334), (0x2F9A0, 0x3338), (0x2F9A1, 0x333C), (0x2F9A2, 0x3340), (0x2F9A3, 0x3344), (0x2F9A4, 0x3348),
    (0x2F9A5, 0x334C), (0x2F9A6, 0x3350), (0x2F9A7, 0x3354), (0x2F9A8, 0x3358), (0x2F9A9, 0x335C), (0x2F9AA, 0x3360), (0x2F9AB, 0x3364),
    (0x2F9AC, 0x3368), (0x2F9AD, 0x336C), (0x2F9AE, 0x3370), (0x2F9AF, 0x3374), (0x2F9B0, 0x3378), (0x2F9B1, 0x337C), (0x2F9B2, 0x3380),
    (0x2F9B3, 0x3384), (0x2F9B4, 0x3388), (0x2F9B5, 0x338C), (0x2F9B6, 0x3390), (0x2F9B7, 0x3394), (0x2F9B8, 0x3398), (0x2F9B9, 0x339C),
    (0x2F9BA, 0x33A0), (0x2F9BB, 0x33A4), (0x2F9BC, 0x33A8), (0x2F9BD, 0x33AC), (0x2F9BE, 0x33B0), (0x2F9BF, 0x33B4), (0x2F9C0, 0x33B8),
    (0x2F9C1, 0x33BC), (0x2F9C2, 0x33C0), (0x2F9C3, 0x33C4), (0x2F9C4, 0x33C8), (0x2F9C5, 0x33CC), (0x2F9C6, 0x33D0), (0x2F9C7, 0x33D4),
    (0x2F9C8, 0x33D8), (0x2F9C9, 0x33DC), (0x2F9CA, 0x33E0), (0x2F9CB, 0x33E4), (0x2F9CC, 0x33E8), (0x2F9CD, 0x33EC), (0x2F9CE, 0x33F0),
    (0x2F9CF, 0x33F4), (0x2F9D0, 0x33F8), (0x2F9D1, 0x33FC), (0x2F9D2, 0x3400), (0x2F9D3, 0x3404), (0x2F9D4, 0x3408), (0x2F9D5, 0x340C),
    (0x2F9D6, 0x3410), (0x2F9D7, 0x3414), (0x2F9D8, 0x3418), (0x2F9D9, 0x341C), (0x2F9DA, 0x3420), (0x2F9DB, 0x3424), (0x2F9DC, 0x3428),
    (0x2F9DD, 0x342C), (0x2F9DE, 0x3430), (0x2F9DF, 0x3434), (0x2F9E0, 0x3438), (0x2F9E1, 0x343C), (0x2F9E2, 0x3440), (0x2F9E3, 0x3444),
    (0x2F9E4, 0x3448), (0x2F9E5, 0x344C), (0x2F9E6, 0x3450), (0x2F9E7, 0x3454), (0x2F9E8, 0x3458), (0x2F9E9, 0x345C), (0x2F9EA, 0x3460),
    (0x2F9EB, 0x3464), (0x2F9EC, 0x3468), (0x2F9ED, 0x346C), (0x2F9EE, 0x3470), (0x2F9EF, 0x3474), (0x2F9F0, 0x3478), (0x2F9F1, 0x347C),
    (0x2F9F2, 0x3480), (0x2F9F3, 0x3484), (0x2F9F4, 0x3488), (0x2F9F5, 0x348C), (0x2F9F6, 0x3490), (0x2F9F7, 0x3494), (0x2F9F8, 0x3498),
    (0x2F9F9, 0x349C), (0x2F9FA, 0x34A0), (0x2F9FB, 0x34A4), (0x2F9FC, 0x34A8), (0x2F9FD, 0x34AC), (0x2F9FE, 0x34B0), (0x2F9FF, 0x34B4),
    (0x2FA00, 0x34B8), (0x2FA01, 0x34BC), (0x2FA02, 0x34C0), (0x2FA03, 0x34C4), (0x2FA04, 0x34C8), (0x2FA05, 0x34CC), (0x2FA06, 0x34D0),
    (0x2FA07, 0x34D4), (0x2FA08, 0x34D8), (0x2FA09, 0x34DC), (0x2FA0A, 0x34E0), (0x2FA0B, 0x34E4), (0x2FA0C, 0x34E8), (0x2FA0D, 0x34EC),
    (0x2FA0E, 0x34F0), (0x2FA0F, 0x34F4), (0x2FA10, 0x34F8), (0x2FA11, 0x34FC), (0x2FA12, 0x3500), (0x2FA13, 0x3504), (0x2FA14, 0x3508),
    (0x2FA15, 0x350C), (0x2FA16, 0x3510), (0x2FA17, 0x3514), (0x2FA18, 0x3518), (0x2FA19, 0x351C), (0x2FA1A, 0x3520), (0x2FA1B, 0x3524),
    (0x2FA1C, 0x3528), (0x2FA1D, 0x352C),
];

#[rustfmt::skip]
pub(crate) static DECOMP_CHARS: &[char] = &[
    '\u{41}', '\u{300}', '\u{41}', '\u{301}', '\u{41}', '\u{302}', '\u{41}', '\u{303}', '\u{41}', '\u{308}',
    '\u{41}', '\u{30A}', '\u{43}', '\u{327}', '\u{45}', '\u{300}', '\u{45}', '\u{301}', '\u{45}', '\u{302}',
    '\u{45}', '\u{308}', '\u{49}', '\u{300}', '\u{49}', '\u{301}', '\u{49}', '\u{302}', '\u{49}', '\u{308}',
    '\u{4E}', '\u{303}', '\u{4F}', '\u{300}', '\u{4F}', '\u{301}', '\u{4F}', '\u{302}', '\u{4F}', '\u{303}',
    '\u{4F}', '\u{308}', '\u{55}', '\u{300}', '\u{55}', '\u{301}', '\u{55}', '\u{302}', '\u{55}', '\u{308}',
    '\u{59}', '\u{301}', '\u{61}', '\u{300}', '\u{61}', '\u{301}', '\u{61}', '\u{302}', '\u{61}', '\u{303}',
    '\u{61}', '\u{308}', '\u{61}', '\u{30A}', '\u{63}', '\u{327}', '\u{65}', '\u{300}', '\u{65}', '\u{301}',
    '\u{65}', '\u{302}', '\u{65}', '\u{308}', '\u{69}', '\u{300}', '\u{69}', '\u{301}', '\u{69}', '\u{302}',
    '\u{69}', '\u{308}', '\u{6E}', '\u{303}', '\u{6F}', '\u{300}', '\u{6F}', '\u{301}', '\u{6F}', '\u{302}',
    '\u{6F}', '\u{303}', '\u{6F}', '\u{308}', '\u{75}', '\u{300}', '\u{75}', '\u{301}', '\u{75}', '\u{302}',
    '\u{75}', '\u{308}', '\u{79}', '\u{301}', '\u{79}', '\u{308}', '\u{41}', '\u{304}', '\u{61}', '\u{304}',
    '\u{41}', '\u{306}', '\u{61}', '\u{306}', '\u{41}', '\u{328}', '\u{61}', '\u{328}', '\u{43}', '\u{301}',
    '\u{63}', '\u{301}', '\u{43}', '\u{302}', '\u{63}', '\u{302}', '\u{43}', '\u{307}', '\u{63}', '\u{307}',
    '\u{43}', '\u{30C}', '\u{63}', '\u{30C}', '\u{44}', '\u{30C}', '\u{64}', '\u{30C}', '\u{45}', '\u{304}',
    '\u{65}', '\u{304}', '\u{45}', '\u{306}', '\u{65}', '\u{306}', '\u{45}', '\u{307}', '\u{65}', '\u{307}',
    '\u{45}', '\u{328}', '\u{65}', '\u{328}', '\u{45}', '\u{30C}', '\u{65}', '\u{30C}', '\u{47}', '\u{302}',
    '\u{67}', '\u{302}', '\u{47}', '\u{306}', '\u{67}', '\u{306}', '\u{47}', '\u{307}', '\u{67}', '\u{307}',
    '\u{47}', '\u{327}', '\u{67}', '\u{327}', '\u{48}', '\u{302}', '\u{68}', '\u{302}', '\u{49}', '\u{303}',
    '\u{69}', '\u{303}', '\u{49}', '\u{304}', '\u{69}', '\u{304}', '\u{49}', '\u{306}', '\u{69}', '\u{306}',
    '\u{49}', '\u{328}', '\u{69}', '\u{328}', '\u{49}', '\u{307}', '\u{4A}', '\u{302}', '\u{6A}', '\u{302}',
    '\u{4B}', '\u{327}', '\u{6B}', '\u{327}', '\u{4C}', '\u{301}', '\u{6C}', '\u{301}', '\u{4C}', '\u{327}',
    '\u{6C}', '\u{327}', '\u{4C}', '\u{30C}', '\u{6C}', '\u{30C}', '\u{4E}', '\u{301}', '\u{6E}', '\u{301}',
    '\u{4E}', '\u{327}', '\u{6E}', '\u{327}', '\u{4E}', '\u{30C}', '\u{6E}', '\u{30C}', '\u{4F}', '\u{304}',
    '\u{6F}', '\u{304}', '\u{4F}', '\u{306}', '\u{6F}', '\u{306}', '\u{4F}', '\u{30B}', '\u{6F}', '\u{30B}',
    '\u{52}', '\u{301}', '\u{72}', '\u{301}', '\u{52}', '\u{327}', '\u{72}', '\u{327}', '\u{52}', '\u{30C}',
    '\u{72}', '\u{30C}', '\u{53}', '\u{301}', '\u{73}', '\u{301}', '\u{53}', '\u{302}', '\u{73}', '\u{302}',
    '\u{53}', '\u{327}', '\u{73}', '\u{327}', '\u{53}', '\u{30C}', '\u{73}', '\u{30C}', '\u{54}', '\u{327}',
    '\u{74}', '\u{327}', '\u{54}', '\u{30C}', '\u{74}', '\u{30C}', '\u{55}', '\u{303}', '\u{75}', '\u{303}',
    '\u{55}', '\u{304}', '\u{75}', '\u{304}', '\u{55}', '\u{306}', '\u{75}', '\u{306}', '\u{55}', '\u{30A}',
    '\u{75}', '\u{30A}', '\u{55}', '\u{30B}', '\u{75}', '\u{30B}', '\u{55}', '\u{328}', '\u{75}', '\u{328}',
    '\u{57}', '\u{302}', '\u{77}', '\u{302}', '\u{59}', '\u{302}', '\u{79}', '\u{302}', '\u{59}', '\u{308}',
    '\u{5A}', '\u{301}', '\u{7A}', '\u{301}', '\u{5A}', '\u{307}', '\u{7A}', '\u{307}', '\u{5A}', '\u{30C}',
    '\u{7A}', '\u{30C}', '\u{4F}', '\u{31B}', '\u{6F}', '\u{31B}', '\u{55}', '\u{31B}', '\u{75}', '\u{31B}',
    '\u{41}', '\u{30C}', '\u{61}', '\u{30C}', '\u{49}', '\u{30C}', '\u{69}', '\u{30C}', '\u{4F}', '\u{30C}',
    '\u{6F}', '\u{30C}', '\u{55}', '\u{30C}', '\u{75}', '\u{30C}', '\u{55}', '\u{308}', '\u{304}', '\u{75}',
    '\u{308}', '\u{304}', '\u{55}', '\u{308}', '\u{301}', '\u{75}', '\u{308}', '\u{301}', '\u{55}', '\u{308}',
    '\u{30C}', '\u{75}', '\u{308}', '\u{30C}', '\u{55}', '\u{308}', '\u{300}', '\u{75}', '\u{308}', '\u{300}',
    '\u{41}', '\u{308}', '\u{304}', '\u{61}', '\u{308}', '\u{304}', '\u{41}', '\u{307}', '\u{304}', '\u{61}',
    '\u{307}', '\u{304}', '\u{C6}', '\u{304}', '\u{E6}', '\u{304}', '\u{47}', '\u{30C}', '\u{67}', '\u{30C}',
    '\u{4B}', '\u{30C}', '\u{6B}', '\u{30C}', '\u{4F}', '\u{328}', '\u{6F}', '\u{328}', '\u{4F}', '\u{328}',
    '\u{304}', '\u{6F}', '\u{328}', '\u{304}', '\u{1B7}', '\u{30C}', '\u{292}', '\u{30C}', '\u{6A}', '\u{30C}',
    '\u{47}', '\u{301}', '\u{67}', '\u{301}', '\u{4E}', '\u{300}', '\u{6E}', '\u{300}', '\u{41}', '\u{30A}',
    '\u{301}', '\u{61}', '\u{30A}', '\u{301}', '\u{C6}', '\u{301}', '\u{E6}', '\u{301}', '\u{D8}', '\u{301}',
    '\u{F8}', '\u{301}', '\u{41}', '\u{30F}', '\u{61}', '\u{30F}', '\u{41}', '\u{311}', '\u{61}', '\u{311}',
    '\u{45}', '\u{30F}', '\u{65}', '\u{30F}', '\u{45}', '\u{311}', '\u{65}', '\u{311}', '\u{49}', '\u{30F}',
    '\u{69}', '\u{30F}', '\u{49}', '\u{311}', '\u{69}', '\u{311}', '\u{4F}', '\u{30F}', '\u{6F}', '\u{30F}',
    '\u{4F}', '\u{311}', '\u{6F}', '\u{311}', '\u{52}', '\u{30F}', '\u{72}', '\u{30F}', '\u{52}', '\u{311}',
    '\u{72}', '\u{311}', '\u{55}', '\u{30F}', '\u{75}', '\u{30F}', '\u{55}', '\u{311}', '\u{75}', '\u{311}',
    '\u{53}', '\u{326}', '\u{73}', '\u{326}', '\u{54}', '\u{326}', '\u{74}', '\u{326}', '\u{48}', '\u{30C}',
    '\u{68}', '\u{30C}', '\u{41}', '\u{307}', '\u{61}', '\u{307}', '\u{45}', '\u{327}', '\u{65}', '\u{327}',
    '\u{4F}', '\u{308}', '\u{304}', '\u{6F}', '\u{308}', '\u{304}', '\u{4F}', '\u{303}', '\u{304}', '\u{6F}',
    '\u{303}', '\u{304}', '\u{4F}', '\u{307}', '\u{6F}', '\u{307}', '\u{4F}', '\u{307}', '\u{304}', '\u{6F}',
    '\u{307}', '\u{304}', '\u{59}', '\u{304}', '\u{79}', '\u{304}', '\u{300}', '\u{301}', '\u{313}', '\u{308}',
    '\u{301}', '\u{2B9}', '\u{3B}', '\u{A8}', '\u{301}', '\u{391}', '\u{301}', '\u{B7}', '\u{395}', '\u{301}',
    '\u{397}', '\u{301}', '\u{399}', '\u{301}', '\u{39F}', '\u{301}', '\u{3A5}', '\u{301}', '\u{3A9}', '\u{301}',
    '\u{3B9}', '\u{308}', '\u{301}', '\u{399}', '\u{308}', '\u{3A5}', '\u{308}', '\u{3B1}', '\u{301}', '\u{3B5}',
    '\u{301}', '\u{3B7}', '\u{301}', '\u{3B9}', '\u{301}', '\u{3C5}', '\u{308}', '\u{301}', '\u{3B9}', '\u{308}',
    '\u{3C5}', '\u{308}', '\u{3BF}', '\u{301}', '\u{3C5}', '\u{301}', '\u{3C9}', '\u{301}', '\u{3D2}', '\u{301}',
    '\u{3D2}', '\u{308}', '\u{415}', '\u{300}', '\u{415}', '\u{308}', '\u{413}', '\u{301}', '\u{406}', '\u{308}',
    '\u{41A}', '\u{301}', '\u{418}', '\u{300}', '\u{423}', '\u{306}', '\u{418}', '\u{306}', '\u{438}', '\u{306}',
    '\u{435}', '\u{300}', '\u{435}', '\u{308}', '\u{433}', '\u{301}', '\u{456}', '\u{308}', '\u{43A}', '\u{301}',
    '\u{438}', '\u{300}', '\u{443}', '\u{306}', '\u{474}', '\u{30F}', '\u{475}', '\u{30F}', '\u{416}', '\u{306}',
    '\u{436}', '\u{306}', '\u{410}', '\u{306}', '\u{430}', '\u{306}', '\u{410}', '\u{308}', '\u{430}', '\u{308}',
    '\u{415}', '\u{306}', '\u{435}', '\u{306}', '\u{4D8}', '\u{308}', '\u{4D9}', '\u{308}', '\u{416}', '\u{308}',
    '\u{436}', '\u{308}', '\u{417}', '\u{308}', '\u{437}', '\u{308}', '\u{418}', '\u{304}', '\u{438}', '\u{304}',
    '\u{418}', '\u{308}', '\u{438}', '\u{308}', '\u{41E}', '\u{308}', '\u{43E}', '\u{308}', '\u{4E8}', '\u{308}',
    '\u{4E9}', '\u{308}', '\u{42D}', '\u{308}', '\u{44D}', '\u{308}', '\u{423}', '\u{304}', '\u{443}', '\u{304}',
    '\u{423}', '\u{308}', '\u{443}', '\u{308}', '\u{423}', '\u{30B}', '\u{443}', '\u{30B}', '\u{427}', '\u{308}',
    '\u{447}', '\u{308}', '\u{42B}', '\u{308}', '\u{44B}', '\u{308}', '\u{627}', '\u{653}', '\u{627}', '\u{654}',
    '\u{648}', '\u{654}', '\u{627}', '\u{655}', '\u{64A}', '\u{654}', '\u{6D5}', '\u{654}', '\u{6C1}', '\u{654}',
    '\u{6D2}', '\u{654}', '\u{928}', '\u{93C}', '\u{930}', '\u{93C}', '\u{933}', '\u{93C}', '\u{915}', '\u{93C}',
    '\u{916}', '\u{93C}', '\u{917}', '\u{93C}', '\u{91C}', '\u{93C}', '\u{921}', '\u{93C}', '\u{922}', '\u{93C}',
    '\u{92B}', '\u{93C}', '\u{92F}', '\u{93C}', '\u{9C7}', '\u{9BE}', '\u{9C7}', '\u{9D7}', '\u{9A1}', '\u{9BC}',
    '\u{9A2}', '\u{9BC}', '\u{9AF}', '\u{9BC}', '\u{A32}', '\u{A3C}', '\u{A38}', '\u{A3C}', '\u{A16}', '\u{A3C}',
    '\u{A17}', '\u{A3C}', '\u{A1C}', '\u{A3C}', '\u{A2B}', '\u{A3C}', '\u{B47}', '\u{B56}', '\u{B47}', '\u{B3E}',
    '\u{B47}', '\u{B57}', '\u{B21}', '\u{B3C}', '\u{B22}', '\u{B3C}', '\u{B92}', '\u{BD7}', '\u{BC6}', '\u{BBE}',
    '\u{BC7}', '\u{BBE}', '\u{BC6}', '\u{BD7}', '\u{C46}', '\u{C56}', '\u{CBF}', '\u{CD5}', '\u{CC6}', '\u{CD5}',
    '\u{CC6}', '\u{CD6}', '\u{CC6}', '\u{CC2}', '\u{CC6}', '\u{CC2}', '\u{CD5}', '\u{D46}', '\u{D3E}', '\u{D47}',
    '\u{D3E}', '\u{D46}', '\u{D57}', '\u{DD9}', '\u{DCA}', '\u{DD9}', '\u{DCF}', '\u{DD9}', '\u{DCF}', '\u{DCA}',
    '\u{DD9}', '\u{DDF}', '\u{F42}', '\u{FB7}', '\u{F4C}', '\u{FB7}', '\u{F51}', '\u{FB7}', '\u{F56}', '\u{FB7}',
    '\u{F5B}', '\u{FB7}', '\u{F40}', '\u{FB5}', '\u{F71}', '\u{F72}', '\u{F71}', '\u{F74}', '\u{FB2}', '\u{F80}',
    '\u{FB3}', '\u{F80}', '\u{F71}', '\u{F80}', '\u{F92}', '\u{FB7}', '\u{F9C}', '\u{FB7}', '\u{FA1}', '\u{FB7}',
    '\u{FA6}', '\u{FB7}', '\u{FAB}', '\u{FB7}', '\u{F90}', '\u{FB5}', '\u{1025}', '\u{102E}', '\u{1B05}', '\u{1B35}',
    '\u{1B07}', '\u{1B35}', '\u{1B09}', '\u{1B35}', '\u{1B0B}', '\u{1B35}', '\u{1B0D}', '\u{1B35}', '\u{1B11}', '\u{1B35}',
    '\u{1B3A}', '\u{1B35}', '\u{1B3C}', '\u{1B35}', '\u{1B3E}', '\u{1B35}', '\u{1B3F}', '\u{1B35}', '\u{1B42}', '\u{1B35}',
    '\u{41}', '\u{325}', '\u{61}', '\u{325}', '\u{42}', '\u{307}', '\u{62}', '\u{307}', '\u{42}', '\u{323}',
    '\u{62}', '\u{323}', '\u{42}', '\u{331}', '\u{62}', '\u{331}', '\u{43}', '\u{327}', '\u{301}', '\u{63}',
    '\u{327}', '\u{301}', '\u{44}', '\u{307}', '\u{64}', '\u{307}', '\u{44}', '\u{323}', '\u{64}', '\u{323}',
    '\u{44}', '\u{331}', '\u{64}', '\u{331}', '\u{44}', '\u{327}', '\u{64}', '\u{327}', '\u{44}', '\u{32D}',
    '\u{64}', '\u{32D}', '\u{45}', '\u{304}', '\u{300}', '\u{65}', '\u{304}', '\u{300}', '\u{45}', '\u{304}',
    '\u{301}', '\u{65}', '\u{304}', '\u{301}', '\u{45}', '\u{32D}', '\u{65}', '\u{32D}', '\u{45}', '\u{330}',
    '\u{65}', '\u{330}', '\u{45}', '\u{327}', '\u{306}', '\u{65}', '\u{327}', '\u{306}', '\u{46}', '\u{307}',
    '\u{66}', '\u{307}', '\u{47}', '\u{304}', '\u{67}', '\u{304}', '\u{48}', '\u{307}', '\u{68}', '\u{307}',
    '\u{48}', '\u{323}', '\u{68}', '\u{323}', '\u{48}', '\u{308}', '\u{68}', '\u{308}', '\u{48}', '\u{327}',
    '\u{68}', '\u{327}', '\u{48}', '\u{32E}', '\u{68}', '\u{32E}', '\u{49}', '\u{330}', '\u{69}', '\u{330}',
    '\u{49}', '\u{308}', '\u{301}', '\u{69}', '\u{308}', '\u{301}', '\u{4B}', '\u{301}', '\u{6B}', '\u{301}',
    '\u{4B}', '\u{323}', '\u{6B}', '\u{323}', '\u{4B}', '\u{331}', '\u{6B}', '\u{331}', '\u{4C}', '\u{323}',
    '\u{6C}', '\u{323}', '\u{4C}', '\u{323}', '\u{304}', '\u{6C}', '\u{323}', '\u{304}', '\u{4C}', '\u{331}',
    '\u{6C}', '\u{331}', '\u{4C}', '\u{32D}', '\u{6C}', '\u{32D}', '\u{4D}', '\u{301}', '\u{6D}', '\u{301}',
    '\u{4D}', '\u{307}', '\u{6D}', '\u{307}', '\u{4D}', '\u{323}', '\u{6D}', '\u{323}', '\u{4E}', '\u{307}',
    '\u{6E}', '\u{307}', '\u{4E}', '\u{323}', '\u{6E}', '\u{323}', '\u{4E}', '\u{331}', '\u{6E}', '\u{331}',
    '\u{4E}', '\u{32D}', '\u{6E}', '\u{32D}', '\u{4F}', '\u{303}', '\u{301}', '\u{6F}', '\u{303}', '\u{301}',
    '\u{4F}', '\u{303}', '\u{308}', '\u{6F}', '\u{303}', '\u{308}', '\u{4F}', '\u{304}', '\u{300}', '\u{6F}',
    '\u{304}', '\u{300}', '\u{4F}', '\u{304}', '\u{301}', '\u{6F}', '\u{304}', '\u{301}', '\u{50}', '\u{301}',
    '\u{70}', '\u{301}', '\u{50}', '\u{307}', '\u{70}', '\u{307}', '\u{52}', '\u{307}', '\u{72}', '\u{307}',
    '\u{52}', '\u{323}', '\u{72}', '\u{323}', '\u{52}', '\u{323}', '\u{304}', '\u{72}', '\u{323}', '\u{304}',
    '\u{52}', '\u{331}', '\u{72}', '\u{331}', '\u{53}', '\u{307}', '\u{73}', '\u{307}', '\u{53}', '\u{323}',
    '\u{73}', '\u{323}', '\u{53}', '\u{301}', '\u{307}', '\u{73}', '\u{301}', '\u{307}', '\u{53}', '\u{30C}',
    '\u{307}', '\u{73}', '\u{30C}', '\u{307}', '\u{53}', '\u{323}', '\u{307}', '\u{73}', '\u{323}', '\u{307}',
    '\u{54}', '\u{307}', '\u{74}', '\u{307}', '\u{54}', '\u{323}', '\u{74}', '\u{323}', '\u{54}', '\u{331}',
    '\u{74}', '\u{331}', '\u{54}', '\u{32D}', '\u{74}', '\u{32D}', '\u{55}', '\u{324}', '\u{75}', '\u{324}',
    '\u{55}', '\u{330}', '\u{75}', '\u{330}', '\u{55}', '\u{32D}', '\u{75}', '\u{32D}', '\u{55}', '\u{303}',
    '\u{301}', '\u{75}', '\u{303}', '\u{301}', '\u{55}', '\u{304}', '\u{308}', '\u{75}', '\u{304}', '\u{308}',
    '\u{56}', '\u{303}', '\u{76}', '\u{303}', '\u{56}', '\u{323}', '\u{76}', '\u{323}', '\u{57}', '\u{300}',
    '\u{77}', '\u{300}', '\u{57}', '\u{301}', '\u{77}', '\u{301}', '\u{57}', '\u{308}', '\u{77}', '\u{308}',
    '\u{57}', '\u{307}', '\u{77}', '\u{307}', '\u{57}', '\u{323}', '\u{77}', '\u{323}', '\u{58}', '\u{307}',
    '\u{78}', '\u{307}', '\u{58}', '\u{308}', '\u{78}', '\u{308}', '\u{59}', '\u{307}', '\u{79}', '\u{307}',
    '\u{5A}', '\u{302}', '\u{7A}', '\u{302}', '\u{5A}', '\u{323}', '\u{7A}', '\u{323}', '\u{5A}', '\u{331}',
    '\u{7A}', '\u{331}', '\u{68}', '\u{331}', '\u{74}', '\u{308}', '\u{77}', '\u{30A}', '\u{79}', '\u{30A}',
    '\u{17F}', '\u{307}', '\u{41}', '\u{323}', '\u{61}', '\u{323}', '\u{41}', '\u{309}', '\u{61}', '\u{309}',
    '\u{41}', '\u{302}', '\u{301}', '\u{61}', '\u{302}', '\u{301}', '\u{41}', '\u{302}', '\u{300}', '\u{61}',
    '\u{302}', '\u{300}', '\u{41}', '\u{302}', '\u{309}', '\u{61}', '\u{302}', '\u{309}', '\u{41}', '\u{302}',
    '\u{303}', '\u{61}', '\u{302}', '\u{303}', '\u{41}', '\u{323}', '\u{302}', '\u{61}', '\u{323}', '\u{302}',
    '\u{41}', '\u{306}', '\u{301}', '\u{61}', '\u{306}', '\u{301}', '\u{41}', '\u{306}', '\u{300}', '\u{61}',
    '\u{306}', '\u{300}', '\u{41}', '\u{306}', '\u{309}', '\u{61}', '\u{306}', '\u{309}', '\u{41}', '\u{306}',
    '\u{303}', '\u{61}', '\u{306}', '\u{303}', '\u{41}', '\u{323}', '\u{306}', '\u{61}', '\u{323}', '\u{306}',
    '\u{45}', '\u{323}', '\u{65}', '\u{323}', '\u{45}', '\u{309}', '\u{65}', '\u{309}', '\u{45}', '\u{303}',
    '\u{65}', '\u{303}', '\u{45}', '\u{302}', '\u{301}', '\u{65}', '\u{302}', '\u{301}', '\u{45}', '\u{302}',
    '\u{300}', '\u{65}', '\u{302}', '\u{300}', '\u{45}', '\u{302}', '\u{309}', '\u{65}', '\u{302}', '\u{309}',
    '\u{45}', '\u{302}', '\u{303}', '\u{65}', '\u{302}', '\u{303}', '\u{45}', '\u{323}', '\u{302}', '\u{65}',
    '\u{323}', '\u{302}', '\u{49}', '\u{309}', '\u{69}', '\u{309}', '\u{49}', '\u{323}', '\u{69}', '\u{323}',
    '\u{4F}', '\u{323}', '\u{6F}', '\u{323}', '\u{4F}', '\u{309}', '\u{6F}', '\u{309}', '\u{4F}', '\u{302}',
    '\u{301}', '\u{6F}', '\u{302}', '\u{301}', '\u{4F}', '\u{302}', '\u{300}', '\u{6F}', '\u{302}', '\u{300}',
    '\u{4F}', '\u{302}', '\u{309}', '\u{6F}', '\u{302}', '\u{309}', '\u{4F}', '\u{302}', '\u{303}', '\u{6F}',
    '\u{302}', '\u{303}', '\u{4F}', '\u{323}', '\u{302}', '\u{6F}', '\u{323}', '\u{302}', '\u{4F}', '\u{31B}',
    '\u{301}', '\u{6F}', '\u{31B}', '\u{301}', '\u{4F}', '\u{31B}', '\u{300}', '\u{6F}', '\u{31B}', '\u{300}',
    '\u{4F}', '\u{31B}', '\u{309}', '\u{6F}', '\u{31B}', '\u{309}', '\u{4F}', '\u{31B}', '\u{303}', '\u{6F}',
    '\u{31B}', '\u{303}', '\u{4F}', '\u{31B}', '\u{323}', '\u{6F}', '\u{31B}', '\u{323}', '\u{55}', '\u{323}',
    '\u{75}', '\u{323}', '\u{55}', '\u{309}', '\u{75}', '\u{309}', '\u{55}', '\u{31B}', '\u{301}', '\u{75}',
    '\u{31B}', '\u{301}', '\u{55}', '\u{31B}', '\u{300}', '\u{75}', '\u{31B}', '\u{300}', '\u{55}', '\u{31B}',
    '\u{309}', '\u{75}', '\u{31B}', '\u{309}', '\u{55}', '\u{31B}', '\u{303}', '\u{75}', '\u{31B}', '\u{303}',
    '\u{55}', '\u{31B}', '\u{323}', '\u{75}', '\u{31B}', '\u{323}', '\u{59}', '\u{300}', '\u{79}', '\u{300}',
    '\u{59}', '\u{323}', '\u{79}', '\u{323}', '\u{59}', '\u{309}', '\u{79}', '\u{309}', '\u{59}', '\u{303}',
    '\u{79}', '\u{303}', '\u{3B1}', '\u{313}', '\u{3B1}', '\u{314}', '\u{3B1}', '\u{313}', '\u{300}', '\u{3B1}',
    '\u{314}', '\u{300}', '\u{3B1}', '\u{313}', '\u{301}', '\u{3B1}', '\u{314}', '\u{301}', '\u{3B1}', '\u{313}',
    '\u{342}', '\u{3B1}', '\u{314}', '\u{342}', '\u{391}', '\u{313}', '\u{391}', '\u{314}', '\u{391}', '\u{313}',
    '\u{300}', '\u{391}', '\u{314}', '\u{300}', '\u{391}', '\u{313}', '\u{301}', '\u{391}', '\u{314}', '\u{301}',
    '\u{391}', '\u{313}', '\u{342}', '\u{391}', '\u{314}', '\u{342}', '\u{3B5}', '\u{313}', '\u{3B5}', '\u{314}',
    '\u{3B5}', '\u{313}', '\u{300}', '\u{3B5}', '\u{314}', '\u{300}', '\u{3B5}', '\u{313}', '\u{301}', '\u{3B5}',
    '\u{314}', '\u{301}', '\u{395}', '\u{313}', '\u{395}', '\u{314}', '\u{395}', '\u{313}', '\u{300}', '\u{395}',
    '\u{314}', '\u{300}', '\u{395}', '\u{313}', '\u{301}', '\u{395}', '\u{314}', '\u{301}', '\u{3B7}', '\u{313}',
    '\u{3B7}', '\u{314}', '\u{3B7}', '\u{313}', '\u{300}', '\u{3B7}', '\u{314}', '\u{300}', '\u{3B7}', '\u{313}',
    '\u{301}', '\u{3B7}', '\u{314}', '\u{301}', '\u{3B7}', '\u{313}', '\u{342}', '\u{3B7}', '\u{314}', '\u{342}',
    '\u{397}', '\u{313}', '\u{397}', '\u{314}', '\u{397}', '\u{313}', '\u{300}', '\u{397}', '\u{314}', '\u{300}',
    '\u{397}', '\u{313}', '\u{301}', '\u{397}', '\u{314}', '\u{301}', '\u{397}', '\u{313}', '\u{342}', '\u{397}',
    '\u{314}', '\u{342}', '\u{3B9}', '\u{313}', '\u{3B9}', '\u{314}', '\u{3B9}', '\u{313}', '\u{300}', '\u{3B9}',
    '\u{314}', '\u{300}', '\u{3B9}', '\u{313}', '\u{301}', '\u{3B9}', '\u{314}', '\u{301}', '\u{3B9}', '\u{313}',
    '\u{342}', '\u{3B9}', '\u{314}', '\u{342}', '\u{399}', '\u{313}', '\u{399}', '\u{314}', '\u{399}', '\u{313}',
    '\u{300}', '\u{399}', '\u{314}', '\u{300}', '\u{399}', '\u{313}', '\u{301}', '\u{399}', '\u{314}', '\u{301}',
    '\u{399}', '\u{313}', '\u{342}', '\u{399}', '\u{314}', '\u{342}', '\u{3BF}', '\u{313}', '\u{3BF}', '\u{314}',
    '\u{3BF}', '\u{313}', '\u{300}', '\u{3BF}', '\u{314}', '\u{300}', '\u{3BF}', '\u{313}', '\u{301}', '\u{3BF}',
    '\u{314}', '\u{301}', '\u{39F}', '\u{313}', '\u{39F}', '\u{314}', '\u{39F}', '\u{313}', '\u{300}', '\u{39F}',
    '\u{314}', '\u{300}', '\u{39F}', '\u{313}', '\u{301}', '\u{39F}', '\u{314}', '\u{301}', '\u{3C5}', '\u{313}',
    '\u{3C5}', '\u{314}', '\u{3C5}', '\u{313}', '\u{300}', '\u{3C5}', '\u{314}', '\u{300}', '\u{3C5}', '\u{313}',
    '\u{301}', '\u{3C5}', '\u{314}', '\u{301}', '\u{3C5}', '\u{313}', '\u{342}', '\u{3C5}', '\u{314}', '\u{342}',
    '\u{3A5}', '\u{314}', '\u{3A5}', '\u{314}', '\u{300}', '\u{3A5}', '\u{314}', '\u{301}', '\u{3A5}', '\u{314}',
    '\u{342}', '\u{3C9}', '\u{313}', '\u{3C9}', '\u{314}', '\u{3C9}', '\u{313}', '\u{300}', '\u{3C9}', '\u{314}',
    '\u{300}', '\u{3C9}', '\u{313}', '\u{301}', '\u{3C9}', '\u{314}', '\u{301}', '\u{3C9}', '\u{313}', '\u{342}',
    '\u{3C9}', '\u{314}', '\u{342}', '\u{3A9}', '\u{313}', '\u{3A9}', '\u{314}', '\u{3A9}', '\u{313}', '\u{300}',
    '\u{3A9}', '\u{314}', '\u{300}', '\u{3A9}', '\u{313}', '\u{301}', '\u{3A9}', '\u{314}', '\u{301}', '\u{3A9}',
    '\u{313}', '\u{342}', '\u{3A9}', '\u{314}', '\u{342}', '\u{3B1}', '\u{300}', '\u{3B1}', '\u{301}', '\u{3B5}',
    '\u{300}', '\u{3B5}', '\u{301}', '\u{3B7}', '\u{300}', '\u{3B7}', '\u{301}', '\u{3B9}', '\u{300}', '\u{3B9}',
    '\u{301}', '\u{3BF}', '\u{300}', '\u{3BF}', '\u{301}', '\u{3C5}', '\u{300}', '\u{3C5}', '\u{301}', '\u{3C9}',
    '\u{300}', '\u{3C9}', '\u{301}', '\u{3B1}', '\u{313}', '\u{345}', '\u{3B1}', '\u{314}', '\u{345}', '\u{3B1}',
    '\u{313}', '\u{300}', '\u{345}', '\u{3B1}', '\u{314}', '\u{300}', '\u{345}', '\u{3B1}', '\u{313}', '\u{301}',
    '\u{345}', '\u{3B1}', '\u{314}', '\u{301}', '\u{345}', '\u{3B1}', '\u{313}', '\u{342}', '\u{345}', '\u{3B1}',
    '\u{314}', '\u{342}', '\u{345}', '\u{391}', '\u{313}', '\u{345}', '\u{391}', '\u{314}', '\u{345}', '\u{391}',
    '\u{313}', '\u{300}', '\u{345}', '\u{391}', '\u{314}', '\u{300}', '\u{345}', '\u{391}', '\u{313}', '\u{301}',
    '\u{345}', '\u{391}', '\u{314}', '\u{301}', '\u{345}', '\u{391}', '\u{313}', '\u{342}', '\u{345}', '\u{391}',
    '\u{314}', '\u{342}', '\u{345}', '\u{3B7}', '\u{313}', '\u{345}', '\u{3B7}', '\u{314}', '\u{345}', '\u{3B7}',
    '\u{313}', '\u{300}', '\u{345}', '\u{3B7}', '\u{314}', '\u{300}', '\u{345}', '\u{3B7}', '\u{313}', '\u{301}',
    '\u{345}', '\u{3B7}', '\u{314}', '\u{301}', '\u{345}', '\u{3B7}', '\u{313}', '\u{342}', '\u{345}', '\u{3B7}',
    '\u{314}', '\u{342}', '\u{345}', '\u{397}', '\u{313}', '\u{345}', '\u{397}', '\u{314}', '\u{345}', '\u{397}',
    '\u{313}', '\u{300}', '\u{345}', '\u{397}', '\u{314}', '\u{300}', '\u{345}', '\u{397}', '\u{313}', '\u{301}',
    '\u{345}', '\u{397}', '\u{314}', '\u{301}', '\u{345}', '\u{397}', '\u{313}', '\u{342}', '\u{345}', '\u{397}',
    '\u{314}', '\u{342}', '\u{345}', '\u{3C9}', '\u{313}', '\u{345}', '\u{3C9}', '\u{314}', '\u{345}', '\u{3C9}',
    '\u{313}', '\u{300}', '\u{345}', '\u{3C9}', '\u{314}', '\u{300}', '\u{345}', '\u{3C9}', '\u{313}', '\u{301}',
    '\u{345}', '\u{3C9}', '\u{314}', '\u{301}', '\u{345}', '\u{3C9}', '\u{313}', '\u{342}', '\u{345}', '\u{3C9}',
    '\u{314}', '\u{342}', '\u{345}', '\u{3A9}', '\u{313}', '\u{345}', '\u{3A9}', '\u{314}', '\u{345}', '\u{3A9}',
    '\u{313}', '\u{300}', '\u{345}', '\u{3A9}', '\u{314}', '\u{300}', '\u{345}', '\u{3A9}', '\u{313}', '\u{301}',
    '\u{345}', '\u{3A9}', '\u{314}', '\u{301}', '\u{345}', '\u{3A9}', '\u{313}', '\u{342}', '\u{345}', '\u{3A9}',
    '\u{314}', '\u{342}', '\u{345}', '\u{3B1}', '\u{306}', '\u{3B1}', '\u{304}', '\u{3B1}', '\u{300}', '\u{345}',
    '\u{3B1}', '\u{345}', '\u{3B1}', '\u{301}', '\u{345}', '\u{3B1}', '\u{342}', '\u{3B1}', '\u{342}', '\u{345}',
    '\u{391}', '\u{306}', '\u{391}', '\u{304}', '\u{391}', '\u{300}', '\u{391}', '\u{301}', '\u{391}', '\u{345}',
    '\u{3B9}', '\u{A8}', '\u{342}', '\u{3B7}', '\u{300}', '\u{345}', '\u{3B7}', '\u{345}', '\u{3B7}', '\u{301}',
    '\u{345}', '\u{3B7}', '\u{342}', '\u{3B7}', '\u{342}', '\u{345}', '\u{395}', '\u{300}', '\u{395}', '\u{301}',
    '\u{397}', '\u{300}', '\u{397}', '\u{301}', '\u{397}', '\u{345}', '\u{1FBF}', '\u{300}', '\u{1FBF}', '\u{301}',
    '\u{1FBF}', '\u{342}', '\u{3B9}', '\u{306}', '\u{3B9}', '\u{304}', '\u{3B9}', '\u{308}', '\u{300}', '\u{3B9}',
    '\u{308}', '\u{301}', '\u{3B9}', '\u{342}', '\u{3B9}', '\u{308}', '\u{342}', '\u{399}', '\u{306}', '\u{399}',
    '\u{304}', '\u{399}', '\u{300}', '\u{399}', '\u{301}', '\u{1FFE}', '\u{300}', '\u{1FFE}', '\u{301}', '\u{1FFE}',
    '\u{342}', '\u{3C5}', '\u{306}', '\u{3C5}', '\u{304}', '\u{3C5}', '\u{308}', '\u{300}', '\u{3C5}', '\u{308}',
    '\u{301}', '\u{3C1}', '\u{313}', '\u{3C1}', '\u{314}', '\u{3C5}', '\u{342}', '\u{3C5}', '\u{308}', '\u{342}',
    '\u{3A5}', '\u{306}', '\u{3A5}', '\u{304}', '\u{3A5}', '\u{300}', '\u{3A5}', '\u{301}', '\u{3A1}', '\u{314}',
    '\u{A8}', '\u{300}', '\u{A8}', '\u{301}', '\u{60}', '\u{3C9}', '\u{300}', '\u{345}', '\u{3C9}', '\u{345}',
    '\u{3C9}', '\u{301}', '\u{345}', '\u{3C9}', '\u{342}', '\u{3C9}', '\u{342}', '\u{345}', '\u{39F}', '\u{300}',
    '\u{39F}', '\u{301}', '\u{3A9}', '\u{300}', '\u{3A9}', '\u{301}', '\u{3A9}', '\u{345}', '\u{B4}', '\u{2002}',
    '\u{2003}', '\u{3A9}', '\u{4B}', '\u{41}', '\u{30A}', '\u{2190}', '\u{338}', '\u{2192}', '\u{338}', '\u{2194}',
    '\u{338}', '\u{21D0}', '\u{338}', '\u{21D4}', '\u{338}', '\u{21D2}', '\u{338}', '\u{2203}', '\u{338}', '\u{2208}',
    '\u{338}', '\u{220B}', '\u{338}', '\u{2223}', '\u{338}', '\u{2225}', '\u{338}', '\u{223C}', '\u{338}', '\u{2243}',
    '\u{338}', '\u{2245}', '\u{338}', '\u{2248}', '\u{338}', '\u{3D}', '\u{338}', '\u{2261}', '\u{338}', '\u{224D}',
    '\u{338}', '\u{3C}', '\u{338}', '\u{3E}', '\u{338}', '\u{2264}', '\u{338}', '\u{2265}', '\u{338}', '\u{2272}',
    '\u{338}', '\u{2273}', '\u{338}', '\u{2276}', '\u{338}', '\u{2277}', '\u{338}', '\u{227A}', '\u{338}', '\u{227B}',
    '\u{338}', '\u{2282}', '\u{338}', '\u{2283}', '\u{338}', '\u{2286}', '\u{338}', '\u{2287}', '\u{338}', '\u{22A2}',
    '\u{338}', '\u{22A8}', '\u{338}', '\u{22A9}', '\u{338}', '\u{22AB}', '\u{338}', '\u{227C}', '\u{338}', '\u{227D}',
    '\u{338}', '\u{2291}', '\u{338}', '\u{2292}', '\u{338}', '\u{22B2}', '\u{338}', '\u{22B3}', '\u{338}', '\u{22B4}',
    '\u{338}', '\u{22B5}', '\u{338}', '\u{3008}', '\u{3009}', '\u{2ADD}', '\u{338}', '\u{304B}', '\u{3099}', '\u{304D}',
    '\u{3099}', '\u{304F}', '\u{3099}', '\u{3051}', '\u{3099}', '\u{3053}', '\u{3099}', '\u{3055}', '\u{3099}', '\u{3057}',
    '\u{3099}', '\u{3059}', '\u{3099}', '\u{305B}', '\u{3099}', '\u{305D}', '\u{3099}', '\u{305F}', '\u{3099}', '\u{3061}',
    '\u{3099}', '\u{3064}', '\u{3099}', '\u{3066}', '\u{3099}', '\u{3068}', '\u{3099}', '\u{306F}', '\u{3099}', '\u{306F}',
    '\u{309A}', '\u{3072}', '\u{3099}', '\u{3072}', '\u{309A}', '\u{3075}', '\u{3099}', '\u{3075}', '\u{309A}', '\u{3078}',
    '\u{3099}', '\u{3078}', '\u{309A}', '\u{307B}', '\u{3099}', '\u{307B}', '\u{309A}', '\u{3046}', '\u{3099}', '\u{309D}',
    '\u{3099}', '\u{30AB}', '\u{3099}', '\u{30AD}', '\u{3099}', '\u{30AF}', '\u{3099}', '\u{30B1}', '\u{3099}', '\u{30B3}',
    '\u{3099}', '\u{30B5}', '\u{3099}', '\u{30B7}', '\u{3099}', '\u{30B9}', '\u{3099}', '\u{30BB}', '\u{3099}', '\u{30BD}',
    '\u{3099}', '\u{30BF}', '\u{3099}', '\u{30C1}', '\u{3099}', '\u{30C4}', '\u{3099}', '\u{30C6}', '\u{3099}', '\u{30C8}',
    '\u{3099}', '\u{30CF}', '\u{3099}', '\u{30CF}', '\u{309A}', '\u{30D2}', '\u{3099}', '\u{30D2}', '\u{309A}', '\u{30D5}',
    '\u{3099}', '\u{30D5}', '\u{309A}', '\u{30D8}', '\u{3099}', '\u{30D8}', '\u{309A}', '\u{30DB}', '\u{3099}', '\u{30DB}',
    '\u{309A}', '\u{30A6}', '\u{3099}', '\u{30EF}', '\u{3099}', '\u{30F0}', '\u{3099}', '\u{30F1}', '\u{3099}', '\u{30F2}',
    '\u{3099}', '\u{30FD}', '\u{3099}', '\u{8C48}', '\u{66F4}', '\u{8ECA}', '\u{8CC8}', '\u{6ED1}', '\u{4E32}', '\u{53E5}',
    '\u{9F9C}', '\u{9F9C}', '\u{5951}', '\u{91D1}', '\u{5587}', '\u{5948}', '\u{61F6}', '\u{7669}', '\u{7F85}', '\u{863F}',
    '\u{87BA}', '\u{88F8}', '\u{908F}', '\u{6A02}', '\u{6D1B}', '\u{70D9}', '\u{73DE}', '\u{843D}', '\u{916A}', '\u{99F1}',
    '\u{4E82}', '\u{5375}', '\u{6B04}', '\u{721B}', '\u{862D}', '\u{9E1E}', '\u{5D50}', '\u{6FEB}', '\u{85CD}', '\u{8964}',
    '\u{62C9}', '\u{81D8}', '\u{881F}', '\u{5ECA}', '\u{6717}', '\u{6D6A}', '\u{72FC}', '\u{90CE}', '\u{4F86}', '\u{51B7}',
    '\u{52DE}', '\u{64C4}', '\u{6AD3}', '\u{7210}', '\u{76E7}', '\u{8001}', '\u{8606}', '\u{865C}', '\u{8DEF}', '\u{9732}',
    '\u{9B6F}', '\u{9DFA}', '\u{788C}', '\u{797F}', '\u{7DA0}', '\u{83C9}', '\u{9304}', '\u{9E7F}', '\u{8AD6}', '\u{58DF}',
    '\u{5F04}', '\u{7C60}', '\u{807E}', '\u{7262}', '\u{78CA}', '\u{8CC2}', '\u{96F7}', '\u{58D8}', '\u{5C62}', '\u{6A13}',
    '\u{6DDA}', '\u{6F0F}', '\u{7D2F}', '\u{7E37}', '\u{964B}', '\u{52D2}', '\u{808B}', '\u{51DC}', '\u{51CC}', '\u{7A1C}',
    '\u{7DBE}', '\u{83F1}', '\u{9675}', '\u{8B80}', '\u{62CF}', '\u{6A02}', '\u{8AFE}', '\u{4E39}', '\u{5BE7}', '\u{6012}',
    '\u{7387}', '\u{7570}', '\u{5317}', '\u{78FB}', '\u{4FBF}', '\u{5FA9}', '\u{4E0D}', '\u{6CCC}', '\u{6578}', '\u{7D22}',
    '\u{53C3}', '\u{585E}', '\u{7701}', '\u{8449}', '\u{8AAA}', '\u{6BBA}', '\u{8FB0}', '\u{6C88}', '\u{62FE}', '\u{82E5}',
    '\u{63A0}', '\u{7565}', '\u{4EAE}', '\u{5169}', '\u{51C9}', '\u{6881}', '\u{7CE7}', '\u{826F}', '\u{8AD2}', '\u{91CF}',
    '\u{52F5}', '\u{5442}', '\u{5973}', '\u{5EEC}', '\u{65C5}', '\u{6FFE}', '\u{792A}', '\u{95AD}', '\u{9A6A}', '\u{9E97}',
    '\u{9ECE}', '\u{529B}', '\u{66C6}', '\u{6B77}', '\u{8F62}', '\u{5E74}', '\u{6190}', '\u{6200}', '\u{649A}', '\u{6F23}',
    '\u{7149}', '\u{7489}', '\u{79CA}', '\u{7DF4}', '\u{806F}', '\u{8F26}', '\u{84EE}', '\u{9023}', '\u{934A}', '\u{5217}',
    '\u{52A3}', '\u{54BD}', '\u{70C8}', '\u{88C2}', '\u{8AAA}', '\u{5EC9}', '\u{5FF5}', '\u{637B}', '\u{6BAE}', '\u{7C3E}',
    '\u{7375}', '\u{4EE4}', '\u{56F9}', '\u{5BE7}', '\u{5DBA}', '\u{601C}', '\u{73B2}', '\u{7469}', '\u{7F9A}', '\u{8046}',
    '\u{9234}', '\u{96F6}', '\u{9748}', '\u{9818}', '\u{4F8B}', '\u{79AE}', '\u{91B4}', '\u{96B8}', '\u{60E1}', '\u{4E86}',
    '\u{50DA}', '\u{5BEE}', '\u{5C3F}', '\u{6599}', '\u{6A02}', '\u{71CE}', '\u{7642}', '\u{84FC}', '\u{907C}', '\u{9F8D}',
    '\u{6688}', '\u{962E}', '\u{5289}', '\u{677B}', '\u{67F3}', '\u{6D41}', '\u{6E9C}', '\u{7409}', '\u{7559}', '\u{786B}',
    '\u{7D10}', '\u{985E}', '\u{516D}', '\u{622E}', '\u{9678}', '\u{502B}', '\u{5D19}', '\u{6DEA}', '\u{8F2A}', '\u{5F8B}',
    '\u{6144}', '\u{6817}', '\u{7387}', '\u{9686}', '\u{5229}', '\u{540F}', '\u{5C65}', '\u{6613}', '\u{674E}', '\u{68A8}',
    '\u{6CE5}', '\u{7406}', '\u{75E2}', '\u{7F79}', '\u{88CF}', '\u{88E1}', '\u{91CC}', '\u{96E2}', '\u{533F}', '\u{6EBA}',
    '\u{541D}', '\u{71D0}', '\u{7498}', '\u{85FA}', '\u{96A3}', '\u{9C57}', '\u{9E9F}', '\u{6797}', '\u{6DCB}', '\u{81E8}',
    '\u{7ACB}', '\u{7B20}', '\u{7C92}', '\u{72C0}', '\u{7099}', '\u{8B58}', '\u{4EC0}', '\u{8336}', '\u{523A}', '\u{5207}',
    '\u{5EA6}', '\u{62D3}', '\u{7CD6}', '\u{5B85}', '\u{6D1E}', '\u{66B4}', '\u{8F3B}', '\u{884C}', '\u{964D}', '\u{898B}',
    '\u{5ED3}', '\u{5140}', '\u{55C0}', '\u{585A}', '\u{6674}', '\u{51DE}', '\u{732A}', '\u{76CA}', '\u{793C}', '\u{795E}',
    '\u{7965}', '\u{798F}', '\u{9756}', '\u{7CBE}', '\u{7FBD}', '\u{8612}', '\u{8AF8}', '\u{9038}', '\u{90FD}', '\u{98EF}',
    '\u{98FC}', '\u{9928}', '\u{9DB4}', '\u{90DE}', '\u{96B7}', '\u{4FAE}', '\u{50E7}', '\u{514D}', '\u{52C9}', '\u{52E4}',
    '\u{5351}', '\u{559D}', '\u{5606}', '\u{5668}', '\u{5840}', '\u{58A8}', '\u{5C64}', '\u{5C6E}', '\u{6094}', '\u{6168}',
    '\u{618E}', '\u{61F2}', '\u{654F}', '\u{65E2}', '\u{6691}', '\u{6885}', '\u{6D77}', '\u{6E1A}', '\u{6F22}', '\u{716E}',
    '\u{722B}', '\u{7422}', '\u{7891}', '\u{793E}', '\u{7949}', '\u{7948}', '\u{7950}', '\u{7956}', '\u{795D}', '\u{798D}',
    '\u{798E}', '\u{7A40}', '\u{7A81}', '\u{7BC0}', '\u{7DF4}', '\u{7E09}', '\u{7E41}', '\u{7F72}', '\u{8005}', '\u{81ED}',
    '\u{8279}', '\u{8279}', '\u{8457}', '\u{8910}', '\u{8996}', '\u{8B01}', '\u{8B39}', '\u{8CD3}', '\u{8D08}', '\u{8FB6}',
    '\u{9038}', '\u{96E3}', '\u{97FF}', '\u{983B}', '\u{6075}', '\u{242EE}', '\u{8218}', '\u{4E26}', '\u{51B5}', '\u{5168}',
    '\u{4F80}', '\u{5145}', '\u{5180}', '\u{52C7}', '\u{52FA}', '\u{559D}', '\u{5555}', '\u{5599}', '\u{55E2}', '\u{585A}',
    '\u{58B3}', '\u{5944}', '\u{5954}', '\u{5A62}', '\u{5B28}', '\u{5ED2}', '\u{5ED9}', '\u{5F69}', '\u{5FAD}', '\u{60D8}',
    '\u{614E}', '\u{6108}', '\u{618E}', '\u{6160}', '\u{61F2}', '\u{6234}', '\u{63C4}', '\u{641C}', '\u{6452}', '\u{6556}',
    '\u{6674}', '\u{6717}', '\u{671B}', '\u{6756}', '\u{6B79}', '\u{6BBA}', '\u{6D41}', '\u{6EDB}', '\u{6ECB}', '\u{6F22}',
    '\u{701E}', '\u{716E}', '\u{77A7}', '\u{7235}', '\u{72AF}', '\u{732A}', '\u{7471}', '\u{7506}', '\u{753B}', '\u{761D}',
    '\u{761F}', '\u{76CA}', '\u{76DB}', '\u{76F4}', '\u{774A}', '\u{7740}', '\u{78CC}', '\u{7AB1}', '\u{7BC0}', '\u{7C7B}',
    '\u{7D5B}', '\u{7DF4}', '\u{7F3E}', '\u{8005}', '\u{8352}', '\u{83EF}', '\u{8779}', '\u{8941}', '\u{8986}', '\u{8996}',
    '\u{8ABF}', '\u{8AF8}', '\u{8ACB}', '\u{8B01}', '\u{8AFE}', '\u{8AED}', '\u{8B39}', '\u{8B8A}', '\u{8D08}', '\u{8F38}',
    '\u{9072}', '\u{9199}', '\u{9276}', '\u{967C}', '\u{96E3}', '\u{9756}', '\u{97DB}', '\u{97FF}', '\u{980B}', '\u{983B}',
    '\u{9B12}', '\u{9F9C}', '\u{2284A}', '\u{22844}', '\u{233D5}', '\u{3B9D}', '\u{4018}', '\u{4039}', '\u{25249}', '\u{25CD0}',
    '\u{27ED3}', '\u{9F43}', '\u{9F8E}', '\u{5D9}', '\u{5B4}', '\u{5F2}', '\u{5B7}', '\u{5E9}', '\u{5C1}', '\u{5E9}',
    '\u{5C2}', '\u{5E9}', '\u{5BC}', '\u{5C1}', '\u{5E9}', '\u{5BC}', '\u{5C2}', '\u{5D0}', '\u{5B7}', '\u{5D0}',
    '\u{5B8}', '\u{5D0}', '\u{5BC}', '\u{5D1}', '\u{5BC}', '\u{5D2}', '\u{5BC}', '\u{5D3}', '\u{5BC}', '\u{5D4}',
    '\u{5BC}', '\u{5D5}', '\u{5BC}', '\u{5D6}', '\u{5BC}', '\u{5D8}', '\u{5BC}', '\u{5D9}', '\u{5BC}', '\u{5DA}',
    '\u{5BC}', '\u{5DB}', '\u{5BC}', '\u{5DC}', '\u{5BC}', '\u{5DE}', '\u{5BC}', '\u{5E0}', '\u{5BC}', '\u{5E1}',
    '\u{5BC}', '\u{5E3}', '\u{5BC}', '\u{5E4}', '\u{5BC}', '\u{5E6}', '\u{5BC}', '\u{5E7}', '\u{5BC}', '\u{5E8}',
    '\u{5BC}', '\u{5E9}', '\u{5BC}', '\u{5EA}', '\u{5BC}', '\u{5D5}', '\u{5B9}', '\u{5D1}', '\u{5BF}', '\u{5DB}',
    '\u{5BF}', '\u{5E4}', '\u{5BF}', '\u{11099}', '\u{110BA}', '\u{1109B}', '\u{110BA}', '\u{110A5}', '\u{110BA}', '\u{11131}',
    '\u{11127}', '\u{11132}', '\u{11127}', '\u{11347}', '\u{1133E}', '\u{11347}', '\u{11357}', '\u{114B9}', '\u{114BA}', '\u{114B9}',
    '\u{114B0}', '\u{114B9}', '\u{114BD}', '\u{115B8}', '\u{115AF}', '\u{115B9}', '\u{115AF}', '\u{1D157}', '\u{1D165}', '\u{1D158}',
    '\u{1D165}', '\u{1D158}', '\u{1D165}', '\u{1D16E}', '\u{1D158}', '\u{1D165}', '\u{1D16F}', '\u{1D158}', '\u{1D165}', '\u{1D170}',
    '\u{1D158}', '\u{1D165}', '\u{1D171}', '\u{1D158}', '\u{1D165}', '\u{1D172}', '\u{1D1B9}', '\u{1D165}', '\u{1D1BA}', '\u{1D165}',
    '\u{1D1B9}', '\u{1D165}', '\u{1D16E}', '\u{1D1BA}', '\u{1D165}', '\u{1D16E}', '\u{1D1B9}', '\u{1D165}', '\u{1D16F}', '\u{1D1BA}',
    '\u{1D165}', '\u{1D16F}', '\u{4E3D}', '\u{4E38}', '\u{4E41}', '\u{20122}', '\u{4F60}', '\u{4FAE}', '\u{4FBB}', '\u{5002}',
    '\u{507A}', '\u{5099}', '\u{50E7}', '\u{50CF}', '\u{349E}', '\u{2063A}', '\u{514D}', '\u{5154}', '\u{5164}', '\u{5177}',
    '\u{2051C}', '\u{34B9}', '\u{5167}', '\u{518D}', '\u{2054B}', '\u{5197}', '\u{51A4}', '\u{4ECC}', '\u{51AC}', '\u{51B5}',
    '\u{291DF}', '\u{51F5}', '\u{5203}', '\u{34DF}', '\u{523B}', '\u{5246}', '\u{5272}', '\u{5277}', '\u{3515}', '\u{52C7}',
    '\u{52C9}', '\u{52E4}', '\u{52FA}', '\u{5305}', '\u{5306}', '\u{5317}', '\u{5349}', '\u{5351}', '\u{535A}', '\u{5373}',
    '\u{537D}', '\u{537F}', '\u{537F}', '\u{537F}', '\u{20A2C}', '\u{7070}', '\u{53CA}', '\u{53DF}', '\u{20B63}', '\u{53EB}',
    '\u{53F1}', '\u{5406}', '\u{549E}', '\u{5438}', '\u{5448}', '\u{5468}', '\u{54A2}', '\u{54F6}', '\u{5510}', '\u{5553}',
    '\u{5563}', '\u{5584}', '\u{5584}', '\u{5599}', '\u{55AB}', '\u{55B3}', '\u{55C2}', '\u{5716}', '\u{5606}', '\u{5717}',
    '\u{5651}', '\u{5674}', '\u{5207}', '\u{58EE}', '\u{57CE}', '\u{57F4}', '\u{580D}', '\u{578B}', '\u{5832}', '\u{5831}',
    '\u{58AC}', '\u{214E4}', '\u{58F2}', '\u{58F7}', '\u{5906}', '\u{591A}', '\u{5922}', '\u{5962}', '\u{216A8}', '\u{216EA}',
    '\u{59EC}', '\u{5A1B}', '\u{5A27}', '\u{59D8}', '\u{5A66}', '\u{36EE}', '\u{36FC}', '\u{5B08}', '\u{5B3E}', '\u{5B3E}',
    '\u{219C8}', '\u{5BC3}', '\u{5BD8}', '\u{5BE7}', '\u{5BF3}', '\u{21B18}', '\u{5BFF}', '\u{5C06}', '\u{5F53}', '\u{5C22}',
    '\u{3781}', '\u{5C60}', '\u{5C6E}', '\u{5CC0}', '\u{5C8D}', '\u{21DE4}', '\u{5D43}', '\u{21DE6}', '\u{5D6E}', '\u{5D6B}',
    '\u{5D7C}', '\u{5DE1}', '\u{5DE2}', '\u{382F}', '\u{5DFD}', '\u{5E28}', '\u{5E3D}', '\u{5E69}', '\u{3862}', '\u{22183}',
    '\u{387C}', '\u{5EB0}', '\u{5EB3}', '\u{5EB6}', '\u{5ECA}', '\u{2A392}', '\u{5EFE}', '\u{22331}', '\u{22331}', '\u{8201}',
    '\u{5F22}', '\u{5F22}', '\u{38C7}', '\u{232B8}', '\u{261DA}', '\u{5F62}', '\u{5F6B}', '\u{38E3}', '\u{5F9A}', '\u{5FCD}',
    '\u{5FD7}', '\u{5FF9}', '\u{6081}', '\u{393A}', '\u{391C}', '\u{6094}', '\u{226D4}', '\u{60C7}', '\u{6148}', '\u{614C}',
    '\u{614E}', '\u{614C}', '\u{617A}', '\u{618E}', '\u{61B2}', '\u{61A4}', '\u{61AF}', '\u{61DE}', '\u{61F2}', '\u{61F6}',
    '\u{6210}', '\u{621B}', '\u{625D}', '\u{62B1}', '\u{62D4}', '\u{6350}', '\u{22B0C}', '\u{633D}', '\u{62FC}', '\u{6368}',
    '\u{6383}', '\u{63E4}', '\u{22BF1}', '\u{6422}', '\u{63C5}', '\u{63A9}', '\u{3A2E}', '\u{6469}', '\u{647E}', '\u{649D}',
    '\u{6477}', '\u{3A6C}', '\u{654F}', '\u{656C}', '\u{2300A}', '\u{65E3}', '\u{66F8}', '\u{6649}', '\u{3B19}', '\u{6691}',
    '\u{3B08}', '\u{3AE4}', '\u{5192}', '\u{5195}', '\u{6700}', '\u{669C}', '\u{80AD}', '\u{43D9}', '\u{6717}', '\u{671B}',
    '\u{6721}', '\u{675E}', '\u{6753}', '\u{233C3}', '\u{3B49}', '\u{67FA}', '\u{6785}', '\u{6852}', '\u{6885}', '\u{2346D}',
    '\u{688E}', '\u{681F}', '\u{6914}', '\u{3B9D}', '\u{6942}', '\u{69A3}', '\u{69EA}', '\u{6AA8}', '\u{236A3}', '\u{6ADB}',
    '\u{3C18}', '\u{6B21}', '\u{238A7}', '\u{6B54}', '\u{3C4E}', '\u{6B72}', '\u{6B9F}', '\u{6BBA}', '\u{6BBB}', '\u{23A8D}',
    '\u{21D0B}', '\u{23AFA}', '\u{6C4E}', '\u{23CBC}', '\u{6CBF}', '\u{6CCD}', '\u{6C67}', '\u{6D16}', '\u{6D3E}', '\u{6D77}',
    '\u{6D41}', '\u{6D69}', '\u{6D78}', '\u{6D85}', '\u{23D1E}', '\u{6D34}', '\u{6E2F}', '\u{6E6E}', '\u{3D33}', '\u{6ECB}',
    '\u{6EC7}', '\u{23ED1}', '\u{6DF9}', '\u{6F6E}', '\u{23F5E}', '\u{23F8E}', '\u{6FC6}', '\u{7039}', '\u{701E}', '\u{701B}',
    '\u{3D96}', '\u{704A}', '\u{707D}', '\u{7077}', '\u{70AD}', '\u{20525}', '\u{7145}', '\u{24263}', '\u{719C}', '\u{243AB}',
    '\u{7228}', '\u{7235}', '\u{7250}', '\u{24608}', '\u{7280}', '\u{7295}', '\u{24735}', '\u{24814}', '\u{737A}', '\u{738B}',
    '\u{3EAC}', '\u{73A5}', '\u{3EB8}', '\u{3EB8}', '\u{7447}', '\u{745C}', '\u{7471}', '\u{7485}', '\u{74CA}', '\u{3F1B}',
    '\u{7524}', '\u{24C36}', '\u{753E}', '\u{24C92}', '\u{7570}', '\u{2219F}', '\u{7610}', '\u{24FA1}', '\u{24FB8}', '\u{25044}',
    '\u{3FFC}', '\u{4008}', '\u{76F4}', '\u{250F3}', '\u{250F2}', '\u{25119}', '\u{25133}', '\u{771E}', '\u{771F}', '\u{771F}',
    '\u{774A}', '\u{4039}', '\u{778B}', '\u{4046}', '\u{4096}', '\u{2541D}', '\u{784E}', '\u{788C}', '\u{78CC}', '\u{40E3}',
    '\u{25626}', '\u{7956}', '\u{2569A}', '\u{256C5}', '\u{798F}', '\u{79EB}', '\u{412F}', '\u{7A40}', '\u{7A4A}', '\u{7A4F}',
    '\u{2597C}', '\u{25AA7}', '\u{25AA7}', '\u{7AEE}', '\u{4202}', '\u{25BAB}', '\u{7BC6}', '\u{7BC9}', '\u{4227}', '\u{25C80}',
    '\u{7CD2}', '\u{42A0}', '\u{7CE8}', '\u{7CE3}', '\u{7D00}', '\u{25F86}', '\u{7D63}', '\u{4301}', '\u{7DC7}', '\u{7E02}',
    '\u{7E45}', '\u{4334}', '\u{26228}', '\u{26247}', '\u{4359}', '\u{262D9}', '\u{7F7A}', '\u{2633E}', '\u{7F95}', '\u{7FFA}',
    '\u{8005}', '\u{264DA}', '\u{26523}', '\u{8060}', '\u{265A8}', '\u{8070}', '\u{2335F}', '\u{43D5}', '\u{80B2}', '\u{8103}',
    '\u{440B}', '\u{813E}', '\u{5AB5}', '\u{267A7}', '\u{267B5}', '\u{23393}', '\u{2339C}', '\u{8201}', '\u{8204}', '\u{8F9E}',
    '\u{446B}', '\u{8291}', '\u{828B}', '\u{829D}', '\u{52B3}', '\u{82B1}', '\u{82B3}', '\u{82BD}', '\u{82E6}', '\u{26B3C}',
    '\u{82E5}', '\u{831D}', '\u{8363}', '\u{83AD}', '\u{8323}', '\u{83BD}', '\u{83E7}', '\u{8457}', '\u{8353}', '\u{83CA}',
    '\u{83CC}', '\u{83DC}', '\u{26C36}', '\u{26D6B}', '\u{26CD5}', '\u{452B}', '\u{84F1}', '\u{84F3}', '\u{8516}', '\u{273CA}',
    '\u{8564}', '\u{26F2C}', '\u{455D}', '\u{4561}', '\u{26FB1}', '\u{270D2}', '\u{456B}', '\u{8650}', '\u{865C}', '\u{8667}',
    '\u{8669}', '\u{86A9}', '\u{8688}', '\u{870E}', '\u{86E2}', '\u{8779}', '\u{8728}', '\u{876B}', '\u{8786}', '\u{45D7}',
    '\u{87E1}', '\u{8801}', '\u{45F9}', '\u{8860}', '\u{8863}', '\u{27667}', '\u{88D7}', '\u{88DE}', '\u{4635}', '\u{88FA}',
    '\u{34BB}', '\u{278AE}', '\u{27966}', '\u{46BE}', '\u{46C7}', '\u{8AA0}', '\u{8AED}', '\u{8B8A}', '\u{8C55}', '\u{27CA8}',
    '\u{8CAB}', '\u{8CC1}', '\u{8D1B}', '\u{8D77}', '\u{27F2F}', '\u{20804}', '\u{8DCB}', '\u{8DBC}', '\u{8DF0}', '\u{208DE}',
    '\u{8ED4}', '\u{8F38}', '\u{285D2}', '\u{285ED}', '\u{9094}', '\u{90F1}', '\u{9111}', '\u{2872E}', '\u{911B}', '\u{9238}',
    '\u{92D7}', '\u{92D8}', '\u{927C}', '\u{93F9}', '\u{9415}', '\u{28BFA}', '\u{958B}', '\u{4995}', '\u{95B7}', '\u{28D77}',
    '\u{49E6}', '\u{96C3}', '\u{5DB2}', '\u{9723}', '\u{29145}', '\u{2921A}', '\u{4A6E}', '\u{4A76}', '\u{97E0}', '\u{2940A}',
    '\u{4AB2}', '\u{29496}', '\u{980B}', '\u{980B}', '\u{9829}', '\u{295B6}', '\u{98E2}', '\u{4B33}', '\u{9929}', '\u{99A7}',
    '\u{99C2}', '\u{99FE}', '\u{4BCE}', '\u{29B30}', '\u{9B12}', '\u{9C40}', '\u{9CFD}', '\u{4CCE}', '\u{4CED}', '\u{9D67}',
    '\u{2A0CE}', '\u{4CF8}', '\u{2A105}', '\u{2A20E}', '\u{2A291}', '\u{9EBB}', '\u{4D56}', '\u{9EF9}', '\u{9EFE}', '\u{9F05}',
    '\u{9F0F}', '\u{9F16}', '\u{9F3B}', '\u{2A600}',
];

/// Canonical composition pairs, sorted (Hangul excluded): (first, second, composite).
#[rustfmt::skip]
pub(crate) static COMPOSE: &[(u32, u32, u32)] = &[
    (0x3C, 0x338, 0x226E), (0x3D, 0x338, 0x2260), (0x3E, 0x338, 0x226F), (0x41, 0x300, 0xC0), (0x41, 0x301, 0xC1),
    (0x41, 0x302, 0xC2), (0x41, 0x303, 0xC3), (0x41, 0x304, 0x100), (0x41, 0x306, 0x102), (0x41, 0x307, 0x226),
    (0x41, 0x308, 0xC4), (0x41, 0x309, 0x1EA2), (0x41, 0x30A, 0xC5), (0x41, 0x30C, 0x1CD), (0x41, 0x30F, 0x200),
    (0x41, 0x311, 0x202), (0x41, 0x323, 0x1EA0), (0x41, 0x325, 0x1E00), (0x41, 0x328, 0x104), (0x42, 0x307, 0x1E02),
    (0x42, 0x323, 0x1E04), (0x42, 0x331, 0x1E06), (0x43, 0x301, 0x106), (0x43, 0x302, 0x108), (0x43, 0x307, 0x10A),
    (0x43, 0x30C, 0x10C), (0x43, 0x327, 0xC7), (0x44, 0x307, 0x1E0A), (0x44, 0x30C, 0x10E), (0x44, 0x323, 0x1E0C),
    (0x44, 0x327, 0x1E10), (0x44, 0x32D, 0x1E12), (0x44, 0x331, 0x1E0E), (0x45, 0x300, 0xC8), (0x45, 0x301, 0xC9),
    (0x45, 0x302, 0xCA), (0x45, 0x303, 0x1EBC), (0x45, 0x304, 0x112), (0x45, 0x306, 0x114), (0x45, 0x307, 0x116),
    (0x45, 0x308, 0xCB), (0x45, 0x309, 0x1EBA), (0x45, 0x30C, 0x11A), (0x45, 0x30F, 0x204), (0x45, 0x311, 0x206),
    (0x45, 0x323, 0x1EB8), (0x45, 0x327, 0x228), (0x45, 0x328, 0x118), (0x45, 0x32D, 0x1E18), (0x45, 0x330, 0x1E1A),
    (0x46, 0x307, 0x1E1E), (0x47, 0x301, 0x1F4), (0x47, 0x302, 0x11C), (0x47, 0x304, 0x1E20), (0x47, 0x306, 0x11E),
    (0x47, 0x307, 0x120), (0x47, 0x30C, 0x1E6), (0x47, 0x327, 0x122), (0x48, 0x302, 0x124), (0x48, 0x307, 0x1E22),
    (0x48, 0x308, 0x1E26), (0x48, 0x30C, 0x21E), (0x48, 0x323, 0x1E24), (0x48, 0x327, 0x1E28), (0x48, 0x32E, 0x1E2A),
    (0x49, 0x300, 0xCC), (0x49, 0x301, 0xCD), (0x49, 0x302, 0xCE), (0x49, 0x303, 0x128), (0x49, 0x304, 0x12A),
    (0x49, 0x306, 0x12C), (0x49, 0x307, 0x130), (0x49, 0x308, 0xCF), (0x49, 0x309, 0x1EC8), (0x49, 0x30C, 0x1CF),
    (0x49, 0x30F, 0x208), (0x49, 0x311, 0x20A), (0x49, 0x323, 0x1ECA), (0x49, 0x328, 0x12E), (0x49, 0x330, 0x1E2C),
    (0x4A, 0x302, 0x134), (0x4B, 0x301, 0x1E30), (0x4B, 0x30C, 0x1E8), (0x4B, 0x323, 0x1E32), (0x4B, 0x327, 0x136),
    (0x4B, 0x331, 0x1E34), (0x4C, 0x301, 0x139), (0x4C, 0x30C, 0x13D), (0x4C, 0x323, 0x1E36), (0x4C, 0x327, 0x13B),
    (0x4C, 0x32D, 0x1E3C), (0x4C, 0x331, 0x1E3A), (0x4D, 0x301, 0x1E3E), (0x4D, 0x307, 0x1E40), (0x4D, 0x323, 0x1E42),
    (0x4E, 0x300, 0x1F8), (0x4E, 0x301, 0x143), (0x4E, 0x303, 0xD1), (0x4E, 0x307, 0x1E44), (0x4E, 0x30C, 0x147),
    (0x4E, 0x323, 0x1E46), (0x4E, 0x327, 0x145), (0x4E, 0x32D, 0x1E4A), (0x4E, 0x331, 0x1E48), (0x4F, 0x300, 0xD2),
    (0x4F, 0x301, 0xD3), (0x4F, 0x302, 0xD4), (0x4F, 0x303, 0xD5), (0x4F, 0x304, 0x14C), (0x4F, 0x306, 0x14E),
    (0x4F, 0x307, 0x22E), (0x4F, 0x308, 0xD6), (0x4F, 0x309, 0x1ECE), (0x4F, 0x30B, 0x150), (0x4F, 0x30C, 0x1D1),
    (0x4F, 0x30F, 0x20C), (0x4F, 0x311, 0x20E), (0x4F, 0x31B, 0x1A0), (0x4F, 0x323, 0x1ECC), (0x4F, 0x328, 0x1EA),
    (0x50, 0x301, 0x1E54), (0x50, 0x307, 0x1E56), (0x52, 0x301, 0x154), (0x52, 0x307, 0x1E58), (0x52, 0x30C, 0x158),
    (0x52, 0x30F, 0x210), (0x52, 0x311, 0x212), (0x52, 0x323, 0x1E5A), (0x52, 0x327, 0x156), (0x52, 0x331, 0x1E5E),
    (0x53, 0x301, 0x15A), (0x53, 0x302, 0x15C), (0x53, 0x307, 0x1E60), (0x53, 0x30C, 0x160), (0x53, 0x323, 0x1E62),
    (0x53, 0x326, 0x218), (0x53, 0x327, 0x15E), (0x54, 0x307, 0x1E6A), (0x54, 0x30C, 0x164), (0x54, 0x323, 0x1E6C),
    (0x54, 0x326, 0x21A), (0x54, 0x327, 0x162), (0x54, 0x32D, 0x1E70), (0x54, 0x331, 0x1E6E), (0x55, 0x300, 0xD9),
    (0x55, 0x301, 0xDA), (0x55, 0x302, 0xDB), (0x55, 0x303, 0x168), (0x55, 0x304, 0x16A), (0x55, 0x306, 0x16C),
    (0x55, 0x308, 0xDC), (0x55, 0x309, 0x1EE6), (0x55, 0x30A, 0x16E), (0x55, 0x30B, 0x170), (0x55, 0x30C, 0x1D3),
    (0x55, 0x30F, 0x214), (0x55, 0x311, 0x216), (0x55, 0x31B, 0x1AF), (0x55, 0x323, 0x1EE4), (0x55, 0x324, 0x1E72),
    (0x55, 0x328, 0x172), (0x55, 0x32D, 0x1E76), (0x55, 0x330, 0x1E74), (0x56, 0x303, 0x1E7C), (0x56, 0x323, 0x1E7E),
    (0x57, 0x300, 0x1E80), (0x57, 0x301, 0x1E82), (0x57, 0x302, 0x174), (0x57, 0x307, 0x1E86), (0x57, 0x308, 0x1E84),
    (0x57, 0x323, 0x1E88), (0x58, 0x307, 0x1E8A), (0x58, 0x308, 0x1E8C), (0x59, 0x300, 0x1EF2), (0x59, 0x301, 0xDD),
    (0x59, 0x302, 0x176), (0x59, 0x303, 0x1EF8), (0x59, 0x304, 0x232), (0x59, 0x307, 0x1E8E), (0x59, 0x308, 0x178),
    (0x59, 0x309, 0x1EF6), (0x59, 0x323, 0x1EF4), (0x5A, 0x301, 0x179), (0x5A, 0x302, 0x1E90), (0x5A, 0x307, 0x17B),
    (0x5A, 0x30C, 0x17D), (0x5A, 0x323, 0x1E92), (0x5A, 0x331, 0x1E94), (0x61, 0x300, 0xE0), (0x61, 0x301, 0xE1),
    (0x61, 0x302, 0xE2), (0x61, 0x303, 0xE3), (0x61, 0x304, 0x101), (0x61, 0x306, 0x103), (0x61, 0x307, 0x227),
    (0x61, 0x308, 0xE4), (0x61, 0x309, 0x1EA3), (0x61, 0x30A, 0xE5), (0x61, 0x30C, 0x1CE), (0x61, 0x30F, 0x201),
    (0x61, 0x311, 0x203), (0x61, 0x323, 0x1EA1), (0x61, 0x325, 0x1E01), (0x61, 0x328, 0x105), (0x62, 0x307, 0x1E03),
    (0x62, 0x323, 0x1E05), (0x62, 0x331, 0x1E07), (0x63, 0x301, 0x107), (0x63, 0x302, 0x109), (0x63, 0x307, 0x10B),
    (0x63, 0x30C, 0x10D), (0x63, 0x327, 0xE7), (0x64, 0x307, 0x1E0B), (0x64, 0x30C, 0x10F), (0x64, 0x323, 0x1E0D),
    (0x64, 0x327, 0x1E11), (0x64, 0x32D, 0x1E13), (0x64, 0x331, 0x1E0F), (0x65, 0x300, 0xE8), (0x65, 0x301, 0xE9),
    (0x65, 0x302, 0xEA), (0x65, 0x303, 0x1EBD), (0x65, 0x304, 0x113), (0x65, 0x306, 0x115), (0x65, 0x307, 0x117),
    (0x65, 0x308, 0xEB), (0x65, 0x309, 0x1EBB), (0x65, 0x30C, 0x11B), (0x65, 0x30F, 0x205), (0x65, 0x311, 0x207),
    (0x65, 0x323, 0x1EB9), (0x65, 0x327, 0x229), (0x65, 0x328, 0x119), (0x65, 0x32D, 0x1E19), (0x65, 0x330, 0x1E1B),
    (0x66, 0x307, 0x1E1F), (0x67, 0x301, 0x1F5), (0x67, 0x302, 0x11D), (0x67, 0x304, 0x1E21), (0x67, 0x306, 0x11F),
    (0x67, 0x307, 0x121), (0x67, 0x30C, 0x1E7), (0x67, 0x327, 0x123), (0x68, 0x302, 0x125), (0x68, 0x307, 0x1E23),
    (0x68, 0x308, 0x1E27), (0x68, 0x30C, 0x21F), (0x68, 0x323, 0x1E25), (0x68, 0x327, 0x1E29), (0x68, 0x32E, 0x1E2B),
    (0x68, 0x331, 0x1E96), (0x69, 0x300, 0xEC), (0x69, 0x301, 0xED), (0x69, 0x302, 0xEE), (0x69, 0x303, 0x129),
    (0x69, 0x304, 0x12B), (0x69, 0x306, 0x12D), (0x69, 0x308, 0xEF), (0x69, 0x309, 0x1EC9), (0x69, 0x30C, 0x1D0),
    (0x69, 0x30F, 0x209), (0x69, 0x311, 0x20B), (0x69, 0x323, 0x1ECB), (0x69, 0x328, 0x12F), (0x69, 0x330, 0x1E2D),
    (0x6A, 0x302, 0x135), (0x6A, 0x30C, 0x1F0), (0x6B, 0x301, 0x1E31), (0x6B, 0x30C, 0x1E9), (0x6B, 0x323, 0x1E33),
    (0x6B, 0x327, 0x137), (0x6B, 0x331, 0x1E35), (0x6C, 0x301, 0x13A), (0x6C, 0x30C, 0x13E), (0x6C, 0x323, 0x1E37),
    (0x6C, 0x327, 0x13C), (0x6C, 0x32D, 0x1E3D), (0x6C, 0x331, 0x1E3B), (0x6D, 0x301, 0x1E3F), (0x6D, 0x307, 0x1E41),
    (0x6D, 0x323, 0x1E43), (0x6E, 0x300, 0x1F9), (0x6E, 0x301, 0x144), (0x6E, 0x303, 0xF1), (0x6E, 0x307, 0x1E45),
    (0x6E, 0x30C, 0x148), (0x6E, 0x323, 0x1E47), (0x6E, 0x327, 0x146), (0x6E, 0x32D, 0x1E4B), (0x6E, 0x331, 0x1E49),
    (0x6F, 0x300, 0xF2), (0x6F, 0x301, 0xF3), (0x6F, 0x302, 0xF4), (0x6F, 0x303, 0xF5), (0x6F, 0x304, 0x14D),
    (0x6F, 0x306, 0x14F), (0x6F, 0x307, 0x22F), (0x6F, 0x308, 0xF6), (0x6F, 0x309, 0x1ECF), (0x6F, 0x30B, 0x151),
    (0x6F, 0x30C, 0x1D2), (0x6F, 0x30F, 0x20D), (0x6F, 0x311, 0x20F), (0x6F, 0x31B, 0x1A1), (0x6F, 0x323, 0x1ECD),
    (0x6F, 0x328, 0x1EB), (0x70, 0x301, 0x1E55), (0x70, 0x307, 0x1E57), (0x72, 0x301, 0x155), (0x72, 0x307, 0x1E59),
    (0x72, 0x30C, 0x159), (0x72, 0x30F, 0x211), (0x72, 0x311, 0x213), (0x72, 0x323, 0x1E5B), (0x72, 0x327, 0x157),
    (0x72, 0x331, 0x1E5F), (0x73, 0x301, 0x15B), (0x73, 0x302, 0x15D), (0x73, 0x307, 0x1E61), (0x73, 0x30C, 0x161),
    (0x73, 0x323, 0x1E63), (0x73, 0x326, 0x219), (0x73, 0x327, 0x15F), (0x74, 0x307, 0x1E6B), (0x74, 0x308, 0x1E97),
    (0x74, 0x30C, 0x165), (0x74, 0x323, 0x1E6D), (0x74, 0x326, 0x21B), (0x74, 0x327, 0x163), (0x74, 0x32D, 0x1E71),
    (0x74, 0x331, 0x1E6F), (0x75, 0x300, 0xF9), (0x75, 0x301, 0xFA), (0x75, 0x302, 0xFB), (0x75, 0x303, 0x169),
    (0x75, 0x304, 0x16B), (0x75, 0x306, 0x16D), (0x75, 0x308, 0xFC), (0x75, 0x309, 0x1EE7), (0x75, 0x30A, 0x16F),
    (0x75, 0x30B, 0x171), (0x75, 0x30C, 0x1D4), (0x75, 0x30F, 0x215), (0x75, 0x311, 0x217), (0x75, 0x31B, 0x1B0),
    (0x75, 0x323, 0x1EE5), (0x75, 0x324, 0x1E73), (0x75, 0x328, 0x173), (0x75, 0x32D, 0x1E77), (0x75, 0x330, 0x1E75),
    (0x76, 0x303, 0x1E7D), (0x76, 0x323, 0x1E7F), (0x77, 0x300, 0x1E81), (0x77, 0x301, 0x1E83), (0x77, 0x302, 0x175),
    (0x77, 0x307, 0x1E87), (0x77, 0x308, 0x1E85), (0x77, 0x30A, 0x1E98), (0x77, 0x323, 0x1E89), (0x78, 0x307, 0x1E8B),
    (0x78, 0x308, 0x1E8D), (0x79, 0x300, 0x1EF3), (0x79, 0x301, 0xFD), (0x79, 0x302, 0x177), (0x79, 0x303, 0x1EF9),
    (0x79, 0x304, 0x233), (0x79, 0x307, 0x1E8F), (0x79, 0x308, 0xFF), (0x79, 0x309, 0x1EF7), (0x79, 0x30A, 0x1E99),
    (0x79, 0x323, 0x1EF5), (0x7A, 0x301, 0x17A), (0x7A, 0x302, 0x1E91), (0x7A, 0x307, 0x17C), (0x7A, 0x30C, 0x17E),
    (0x7A, 0x323, 0x1E93), (0x7A, 0x331, 0x1E95), (0xA8, 0x300, 0x1FED), (0xA8, 0x301, 0x385), (0xA8, 0x342, 0x1FC1),
    (0xC2, 0x300, 0x1EA6), (0xC2, 0x301, 0x1EA4), (0xC2, 0x303, 0x1EAA), (0xC2, 0x309, 0x1EA8), (0xC4, 0x304, 0x1DE),
    (0xC5, 0x301, 0x1FA), (0xC6, 0x301, 0x1FC), (0xC6, 0x304, 0x1E2), (0xC7, 0x301, 0x1E08), (0xCA, 0x300, 0x1EC0),
    (0xCA, 0x301, 0x1EBE), (0xCA, 0x303, 0x1EC4), (0xCA, 0x309, 0x1EC2), (0xCF, 0x301, 0x1E2E), (0xD4, 0x300, 0x1ED2),
    (0xD4, 0x301, 0x1ED0), (0xD4, 0x303, 0x1ED6), (0xD4, 0x309, 0x1ED4), (0xD5, 0x301, 0x1E4C), (0xD5, 0x304, 0x22C),
    (0xD5, 0x308, 0x1E4E), (0xD6, 0x304, 0x22A), (0xD8, 0x301, 0x1FE), (0xDC, 0x300, 0x1DB), (0xDC, 0x301, 0x1D7),
    (0xDC, 0x304, 0x1D5), (0xDC, 0x30C, 0x1D9), (0xE2, 0x300, 0x1EA7), (0xE2, 0x301, 0x1EA5), (0xE2, 0x303, 0x1EAB),
    (0xE2, 0x309, 0x1EA9), (0xE4, 0x304, 0x1DF), (0xE5, 0x301, 0x1FB), (0xE6, 0x301, 0x1FD), (0xE6, 0x304, 0x1E3),
    (0xE7, 0x301, 0x1E09), (0xEA, 0x300, 0x1EC1), (0xEA, 0x301, 0x1EBF), (0xEA, 0x303, 0x1EC5), (0xEA, 0x309, 0x1EC3),
    (0xEF, 0x301, 0x1E2F), (0xF4, 0x300, 0x1ED3), (0xF4, 0x301, 0x1ED1), (0xF4, 0x303, 0x1ED7), (0xF4, 0x309, 0x1ED5),
    (0xF5, 0x301, 0x1E4D), (0xF5, 0x304, 0x22D), (0xF5, 0x308, 0x1E4F), (0xF6, 0x304, 0x22B), (0xF8, 0x301, 0x1FF),
    (0xFC, 0x300, 0x1DC), (0xFC, 0x301, 0x1D8), (0xFC, 0x304, 0x1D6), (0xFC, 0x30C, 0x1DA), (0x102, 0x300, 0x1EB0),
    (0x102, 0x301, 0x1EAE), (0x102, 0x303, 0x1EB4), (0x102, 0x309, 0x1EB2), (0x103, 0x300, 0x1EB1), (0x103, 0x301, 0x1EAF),
    (0x103, 0x303, 0x1EB5), (0x103, 0x309, 0x1EB3), (0x112, 0x300, 0x1E14), (0x112, 0x301, 0x1E16), (0x113, 0x300, 0x1E15),
    (0x113, 0x301, 0x1E17), (0x14C, 0x300, 0x1E50), (0x14C, 0x301, 0x1E52), (0x14D, 0x300, 0x1E51), (0x14D, 0x301, 0x1E53),
    (0x15A, 0x307, 0x1E64), (0x15B, 0x307, 0x1E65), (0x160, 0x307, 0x1E66), (0x161, 0x307, 0x1E67), (0x168, 0x301, 0x1E78),
    (0x169, 0x301, 0x1E79), (0x16A, 0x308, 0x1E7A), (0x16B, 0x308, 0x1E7B), (0x17F, 0x307, 0x1E9B), (0x1A0, 0x300, 0x1EDC),
    (0x1A0, 0x301, 0x1EDA), (0x1A0, 0x303, 0x1EE0), (0x1A0, 0x309, 0x1EDE), (0x1A0, 0x323, 0x1EE2), (0x1A1, 0x300, 0x1EDD),
    (0x1A1, 0x301, 0x1EDB), (0x1A1, 0x303, 0x1EE1), (0x1A1, 0x309, 0x1EDF), (0x1A1, 0x323, 0x1EE3), (0x1AF, 0x300, 0x1EEA),
    (0x1AF, 0x301, 0x1EE8), (0x1AF, 0x303, 0x1EEE), (0x1AF, 0x309, 0x1EEC), (0x1AF, 0x323, 0x1EF0), (0x1B0, 0x300, 0x1EEB),
    (0x1B0, 0x301, 0x1EE9), (0x1B0, 0x303, 0x1EEF), (0x1B0, 0x309, 0x1EED), (0x1B0, 0x323, 0x1EF1), (0x1B7, 0x30C, 0x1EE),
    (0x1EA, 0x304, 0x1EC), (0x1EB, 0x304, 0x1ED), (0x226, 0x304, 0x1E0), (0x227, 0x304, 0x1E1), (0x228, 0x306, 0x1E1C),
    (0x229, 0x306, 0x1E1D), (0x22E, 0x304, 0x230), (0x22F, 0x304, 0x231), (0x292, 0x30C, 0x1EF), (0x391, 0x300, 0x1FBA),
    (0x391, 0x301, 0x386), (0x391, 0x304, 0x1FB9), (0x391, 0x306, 0x1FB8), (0x391, 0x313, 0x1F08), (0x391, 0x314, 0x1F09),
    (0x391, 0x345, 0x1FBC), (0x395, 0x300, 0x1FC8), (0x395, 0x301, 0x388), (0x395, 0x313, 0x1F18), (0x395, 0x314, 0x1F19),
    (0x397, 0x300, 0x1FCA), (0x397, 0x301, 0x389), (0x397, 0x313, 0x1F28), (0x397, 0x314, 0x1F29), (0x397, 0x345, 0x1FCC),
    (0x399, 0x300, 0x1FDA), (0x399, 0x301, 0x38A), (0x399, 0x304, 0x1FD9), (0x399, 0x306, 0x1FD8), (0x399, 0x308, 0x3AA),
    (0x399, 0x313, 0x1F38), (0x399, 0x314, 0x1F39), (0x39F, 0x300, 0x1FF8), (0x39F, 0x301, 0x38C), (0x39F, 0x313, 0x1F48),
    (0x39F, 0x314, 0x1F49), (0x3A1, 0x314, 0x1FEC), (0x3A5, 0x300, 0x1FEA), (0x3A5, 0x301, 0x38E), (0x3A5, 0x304, 0x1FE9),
    (0x3A5, 0x306, 0x1FE8), (0x3A5, 0x308, 0x3AB), (0x3A5, 0x314, 0x1F59), (0x3A9, 0x300, 0x1FFA), (0x3A9, 0x301, 0x38F),
    (0x3A9, 0x313, 0x1F68), (0x3A9, 0x314, 0x1F69), (0x3A9, 0x345, 0x1FFC), (0x3AC, 0x345, 0x1FB4), (0x3AE, 0x345, 0x1FC4),
    (0x3B1, 0x300, 0x1F70), (0x3B1, 0x301, 0x3AC), (0x3B1, 0x304, 0x1FB1), (0x3B1, 0x306, 0x1FB0), (0x3B1, 0x313, 0x1F00),
    (0x3B1, 0x314, 0x1F01), (0x3B1, 0x342, 0x1FB6), (0x3B1, 0x345, 0x1FB3), (0x3B5, 0x300, 0x1F72), (0x3B5, 0x301, 0x3AD),
    (0x3B5, 0x313, 0x1F10), (0x3B5, 0x314, 0x1F11), (0x3B7, 0x300, 0x1F74), (0x3B7, 0x301, 0x3AE), (0x3B7, 0x313, 0x1F20),
    (0x3B7, 0x314, 0x1F21), (0x3B7, 0x342, 0x1FC6), (0x3B7, 0x345, 0x1FC3), (0x3B9, 0x300, 0x1F76), (0x3B9, 0x301, 0x3AF),
    (0x3B9, 0x304, 0x1FD1), (0x3B9, 0x306, 0x1FD0), (0x3B9, 0x308, 0x3CA), (0x3B9, 0x313, 0x1F30), (0x3B9, 0x314, 0x1F31),
    (0x3B9, 0x342, 0x1FD6), (0x3BF, 0x300, 0x1F78), (0x3BF, 0x301, 0x3CC), (0x3BF, 0x313, 0x1F40), (0x3BF, 0x314, 0x1F41),
    (0x3C1, 0x313, 0x1FE4), (0x3C1, 0x314, 0x1FE5), (0x3C5, 0x300, 0x1F7A), (0x3C5, 0x301, 0x3CD), (0x3C5, 0x304, 0x1FE1),
    (0x3C5, 0x306, 0x1FE0), (0x3C5, 0x308, 0x3CB), (0x3C5, 0x313, 0x1F50), (0x3C5, 0x314, 0x1F51), (0x3C5, 0x342, 0x1FE6),
    (0x3C9, 0x300, 0x1F7C), (0x3C9, 0x301, 0x3CE), (0x3C9, 0x313, 0x1F60), (0x3C9, 0x314, 0x1F61), (0x3C9, 0x342, 0x1FF6),
    (0x3C9, 0x345, 0x1FF3), (0x3CA, 0x300, 0x1FD2), (0x3CA, 0x301, 0x390), (0x3CA, 0x342, 0x1FD7), (0x3CB, 0x300, 0x1FE2),
    (0x3CB, 0x301, 0x3B0), (0x3CB, 0x342, 0x1FE7), (0x3CE, 0x345, 0x1FF4), (0x3D2, 0x301, 0x3D3), (0x3D2, 0x308, 0x3D4),
    (0x406, 0x308, 0x407), (0x410, 0x306, 0x4D0), (0x410, 0x308, 0x4D2), (0x413, 0x301, 0x403), (0x415, 0x300, 0x400),
    (0x415, 0x306, 0x4D6), (0x415, 0x308, 0x401), (0x416, 0x306, 0x4C1), (0x416, 0x308, 0x4DC), (0x417, 0x308, 0x4DE),
    (0x418, 0x300, 0x40D), (0x418, 0x304, 0x4E2), (0x418, 0x306, 0x419), (0x418, 0x308, 0x4E4), (0x41A, 0x301, 0x40C),
    (0x41E, 0x308, 0x4E6), (0x423, 0x304, 0x4EE), (0x423, 0x306, 0x40E), (0x423, 0x308, 0x4F0), (0x423, 0x30B, 0x4F2),
    (0x427, 0x308, 0x4F4), (0x42B, 0x308, 0x4F8), (0x42D, 0x308, 0x4EC), (0x430, 0x306, 0x4D1), (0x430, 0x308, 0x4D3),
    (0x433, 0x301, 0x453), (0x435, 0x300, 0x450), (0x435, 0x306, 0x4D7), (0x435, 0x308, 0x451), (0x436, 0x306, 0x4C2),
    (0x436, 0x308, 0x4DD), (0x437, 0x308, 0x4DF), (0x438, 0x300, 0x45D), (0x438, 0x304, 0x4E3), (0x438, 0x306, 0x439),
    (0x438, 0x308, 0x4E5), (0x43A, 0x301, 0x45C), (0x43E, 0x308, 0x4E7), (0x443, 0x304, 0x4EF), (0x443, 0x306, 0x45E),
    (0x443, 0x308, 0x4F1), (0x443, 0x30B, 0x4F3), (0x447, 0x308, 0x4F5), (0x44B, 0x308, 0x4F9), (0x44D, 0x308, 0x4ED),
    (0x456, 0x308, 0x457), (0x474, 0x30F, 0x476), (0x475, 0x30F, 0x477), (0x4D8, 0x308, 0x4DA), (0x4D9, 0x308, 0x4DB),
    (0x4E8, 0x308, 0x4EA), (0x4E9, 0x308, 0x4EB), (0x627, 0x653, 0x622), (0x627, 0x654, 0x623), (0x627, 0x655, 0x625),
    (0x648, 0x654, 0x624), (0x64A, 0x654, 0x626), (0x6C1, 0x654, 0x6C2), (0x6D2, 0x654, 0x6D3), (0x6D5, 0x654, 0x6C0),
    (0x928, 0x93C, 0x929), (0x930, 0x93C, 0x931), (0x933, 0x93C, 0x934), (0x9C7, 0x9BE, 0x9CB), (0x9C7, 0x9D7, 0x9CC),
    (0xB47, 0xB3E, 0xB4B), (0xB47, 0xB56, 0xB48), (0xB47, 0xB57, 0xB4C), (0xB92, 0xBD7, 0xB94), (0xBC6, 0xBBE, 0xBCA),
    (0xBC6, 0xBD7, 0xBCC), (0xBC7, 0xBBE, 0xBCB), (0xC46, 0xC56, 0xC48), (0xCBF, 0xCD5, 0xCC0), (0xCC6, 0xCC2, 0xCCA),
    (0xCC6, 0xCD5, 0xCC7), (0xCC6, 0xCD6, 0xCC8), (0xCCA, 0xCD5, 0xCCB), (0xD46, 0xD3E, 0xD4A), (0xD46, 0xD57, 0xD4C),
    (0xD47, 0xD3E, 0xD4B), (0xDD9, 0xDCA, 0xDDA), (0xDD9, 0xDCF, 0xDDC), (0xDD9, 0xDDF, 0xDDE), (0xDDC, 0xDCA, 0xDDD),
    (0x1025, 0x102E, 0x1026), (0x1B05, 0x1B35, 0x1B06), (0x1B07, 0x1B35, 0x1B08), (0x1B09, 0x1B35, 0x1B0A), (0x1B0B, 0x1B35, 0x1B0C),
    (0x1B0D, 0x1B35, 0x1B0E), (0x1B11, 0x1B35, 0x1B12), (0x1B3A, 0x1B35, 0x1B3B), (0x1B3C, 0x1B35, 0x1B3D), (0x1B3E, 0x1B35, 0x1B40),
    (0x1B3F, 0x1B35, 0x1B41), (0x1B42, 0x1B35, 0x1B43), (0x1E36, 0x304, 0x1E38), (0x1E37, 0x304, 0x1E39), (0x1E5A, 0x304, 0x1E5C),
    (0x1E5B, 0x304, 0x1E5D), (0x1E62, 0x307, 0x1E68), (0x1E63, 0x307, 0x1E69), (0x1EA0, 0x302, 0x1EAC), (0x1EA0, 0x306, 0x1EB6),
    (0x1EA1, 0x302, 0x1EAD), (0x1EA1, 0x306, 0x1EB7), (0x1EB8, 0x302, 0x1EC6), (0x1EB9, 0x302, 0x1EC7), (0x1ECC, 0x302, 0x1ED8),
    (0x1ECD, 0x302, 0x1ED9), (0x1F00, 0x300, 0x1F02), (0x1F00, 0x301, 0x1F04), (0x1F00, 0x342, 0x1F06), (0x1F00, 0x345, 0x1F80),
    (0x1F01, 0x300, 0x1F03), (0x1F01, 0x301, 0x1F05), (0x1F01, 0x342, 0x1F07), (0x1F01, 0x345, 0x1F81), (0x1F02, 0x345, 0x1F82),
    (0x1F03, 0x345, 0x1F83), (0x1F04, 0x345, 0x1F84), (0x1F05, 0x345, 0x1F85), (0x1F06, 0x345, 0x1F86), (0x1F07, 0x345, 0x1F87),
    (0x1F08, 0x300, 0x1F0A), (0x1F08, 0x301, 0x1F0C), (0x1F08, 0x342, 0x1F0E), (0x1F08, 0x345, 0x1F88), (0x1F09, 0x300, 0x1F0B),
    (0x1F09, 0x301, 0x1F0D), (0x1F09, 0x342, 0x1F0F), (0x1F09, 0x345, 0x1F89), (0x1F0A, 0x345, 0x1F8A), (0x1F0B, 0x345, 0x1F8B),
    (0x1F0C, 0x345, 0x1F8C), (0x1F0D, 0x345, 0x1F8D), (0x1F0E, 0x345, 0x1F8E), (0x1F0F, 0x345, 0x1F8F), (0x1F10, 0x300, 0x1F12),
    (0x1F10, 0x301, 0x1F14), (0x1F11, 0x300, 0x1F13), (0x1F11, 0x301, 0x1F15), (0x1F18, 0x300, 0x1F1A), (0x1F18, 0x301, 0x1F1C),
    (0x1F19, 0x300, 0x1F1B), (0x1F19, 0x301, 0x1F1D), (0x1F20, 0x300, 0x1F22), (0x1F20, 0x301, 0x1F24), (0x1F20, 0x342, 0x1F26),
    (0x1F20, 0x345, 0x1F90), (0x1F21, 0x300, 0x1F23), (0x1F21, 0x301, 0x1F25), (0x1F21, 0x342, 0x1F27), (0x1F21, 0x345, 0x1F91),
    (0x1F22, 0x345, 0x1F92), (0x1F23, 0x345, 0x1F93), (0x1F24, 0x345, 0x1F94), (0x1F25, 0x345, 0x1F95), (0x1F26, 0x345, 0x1F96),
    (0x1F27, 0x345, 0x1F97), (0x1F28, 0x300, 0x1F2A), (0x1F28, 0x301, 0x1F2C), (0x1F28, 0x342, 0x1F2E), (0x1F28, 0x345, 0x1F98),
    (0x1F29, 0x300, 0x1F2B), (0x1F29, 0x301, 0x1F2D), (0x1F29, 0x342, 0x1F2F), (0x1F29, 0x345, 0x1F99), (0x1F2A, 0x345, 0x1F9A),
    (0x1F2B, 0x345, 0x1F9B), (0x1F2C, 0x345, 0x1F9C), (0x1F2D, 0x345, 0x1F9D), (0x1F2E, 0x345, 0x1F9E), (0x1F2F, 0x345, 0x1F9F),
    (0x1F30, 0x300, 0x1F32), (0x1F30, 0x301, 0x1F34), (0x1F30, 0x342, 0x1F36), (0x1F31, 0x300, 0x1F33), (0x1F31, 0x301, 0x1F35),
    (0x1F31, 0x342, 0x1F37), (0x1F38, 0x300, 0x1F3A), (0x1F38, 0x301, 0x1F3C), (0x1F38, 0x342, 0x1F3E), (0x1F39, 0x300, 0x1F3B),
    (0x1F39, 0x301, 0x1F3D), (0x1F39, 0x342, 0x1F3F), (0x1F40, 0x300, 0x1F42), (0x1F40, 0x301, 0x1F44), (0x1F41, 0x300, 0x1F43),
    (0x1F41, 0x301, 0x1F45), (0x1F48, 0x300, 0x1F4A), (0x1F48, 0x301, 0x1F4C), (0x1F49, 0x300, 0x1F4B), (0x1F49, 0x301, 0x1F4D),
    (0x1F50, 0x300, 0x1F52), (0x1F50, 0x301, 0x1F54), (0x1F50, 0x342, 0x1F56), (0x1F51, 0x300, 0x1F53), (0x1F51, 0x301, 0x1F55),
    (0x1F51, 0x342, 0x1F57), (0x1F59, 0x300, 0x1F5B), (0x1F59, 0x301, 0x1F5D), (0x1F59, 0x342, 0x1F5F), (0x1F60, 0x300, 0x1F62),
    (0x1F60, 0x301, 0x1F64), (0x1F60, 0x342, 0x1F66), (0x1F60, 0x345, 0x1FA0), (0x1F61, 0x300, 0x1F63), (0x1F61, 0x301, 0x1F65),
    (0x1F61, 0x342, 0x1F67), (0x1F61, 0x345, 0x1FA1), (0x1F62, 0x345, 0x1FA2), (0x1F63, 0x345, 0x1FA3), (0x1F64, 0x345, 0x1FA4),
    (0x1F65, 0x345, 0x1FA5), (0x1F66, 0x345, 0x1FA6), (0x1F67, 0x345, 0x1FA7), (0x1F68, 0x300, 0x1F6A), (0x1F68, 0x301, 0x1F6C),
    (0x1F68, 0x342, 0x1F6E), (0x1F68, 0x345, 0x1FA8), (0x1F69, 0x300, 0x1F6B), (0x1F69, 0x301, 0x1F6D), (0x1F69, 0x342, 0x1F6F),
    (0x1F69, 0x345, 0x1FA9), (0x1F6A, 0x345, 0x1FAA), (0x1F6B, 0x345, 0x1FAB), (0x1F6C, 0x345, 0x1FAC), (0x1F6D, 0x345, 0x1FAD),
    (0x1F6E, 0x345, 0x1FAE), (0x1F6F, 0x345, 0x1FAF), (0x1F70, 0x345, 0x1FB2), (0x1F74, 0x345, 0x1FC2), (0x1F7C, 0x345, 0x1FF2),
    (0x1FB6, 0x345, 0x1FB7), (0x1FBF, 0x300, 0x1FCD), (0x1FBF, 0x301, 0x1FCE), (0x1FBF, 0x342, 0x1FCF), (0x1FC6, 0x345, 0x1FC7),
    (0x1FF6, 0x345, 0x1FF7), (0x1FFE, 0x300, 0x1FDD), (0x1FFE, 0x301, 0x1FDE), (0x1FFE, 0x342, 0x1FDF), (0x2190, 0x338, 0x219A),
    (0x2192, 0x338, 0x219B), (0x2194, 0x338, 0x21AE), (0x21D0, 0x338, 0x21CD), (0x21D2, 0x338, 0x21CF), (0x21D4, 0x338, 0x21CE),
    (0x2203, 0x338, 0x2204), (0x2208, 0x338, 0x2209), (0x220B, 0x338, 0x220C), (0x2223, 0x338, 0x2224), (0x2225, 0x338, 0x2226),
    (0x223C, 0x338, 0x2241), (0x2243, 0x338, 0x2244), (0x2245, 0x338, 0x2247), (0x2248, 0x338, 0x2249), (0x224D, 0x338, 0x226D),
    (0x2261, 0x338, 0x2262), (0x2264, 0x338, 0x2270), (0x2265, 0x338, 0x2271), (0x2272, 0x338, 0x2274), (0x2273, 0x338, 0x2275),
    (0x2276, 0x338, 0x2278), (0x2277, 0x338, 0x2279), (0x227A, 0x338, 0x2280), (0x227B, 0x338, 0x2281), (0x227C, 0x338, 0x22E0),
    (0x227D, 0x338, 0x22E1), (0x2282, 0x338, 0x2284), (0x2283, 0x338, 0x2285), (0x2286, 0x338, 0x2288), (0x2287, 0x338, 0x2289),
    (0x2291, 0x338, 0x22E2), (0x2292, 0x338, 0x22E3), (0x22A2, 0x338, 0x22AC), (0x22A8, 0x338, 0x22AD), (0x22A9, 0x338, 0x22AE),
    (0x22AB, 0x338, 0x22AF), (0x22B2, 0x338, 0x22EA), (0x22B3, 0x338, 0x22EB), (0x22B4, 0x338, 0x22EC), (0x22B5, 0x338, 0x22ED),
    (0x3046, 0x3099, 0x3094), (0x304B, 0x3099, 0x304C), (0x304D, 0x3099, 0x304E), (0x304F, 0x3099, 0x3050), (0x3051, 0x3099, 0x3052),
    (0x3053, 0x3099, 0x3054), (0x3055, 0x3099, 0x3056), (0x3057, 0x3099, 0x3058), (0x3059, 0x3099, 0x305A), (0x305B, 0x3099, 0x305C),
    (0x305D, 0x3099, 0x305E), (0x305F, 0x3099, 0x3060), (0x3061, 0x3099, 0x3062), (0x3064, 0x3099, 0x3065), (0x3066, 0x3099, 0x3067),
    (0x3068, 0x3099, 0x3069), (0x306F, 0x3099, 0x3070), (0x306F, 0x309A, 0x3071), (0x3072, 0x3099, 0x3073), (0x3072, 0x309A, 0x3074),
    (0x3075, 0x3099, 0x3076), (0x3075, 0x309A, 0x3077), (0x3078, 0x3099, 0x3079), (0x3078, 0x309A, 0x307A), (0x307B, 0x3099, 0x307C),
    (0x307B, 0x309A, 0x307D), (0x309D, 0x3099, 0x309E), (0x30A6, 0x3099, 0x30F4), (0x30AB, 0x3099, 0x30AC), (0x30AD, 0x3099, 0x30AE),
    (0x30AF, 0x3099, 0x30B0), (0x30B1, 0x3099, 0x30B2), (0x30B3, 0x3099, 0x30B4), (0x30B5, 0x3099, 0x30B6), (0x30B7, 0x3099, 0x30B8),
    (0x30B9, 0x3099, 0x30BA), (0x30BB, 0x3099, 0x30BC), (0x30BD, 0x3099, 0x30BE), (0x30BF, 0x3099, 0x30C0), (0x30C1, 0x3099, 0x30C2),
    (0x30C4, 0x3099, 0x30C5), (0x30C6, 0x3099, 0x30C7), (0x30C8, 0x3099, 0x30C9), (0x30CF, 0x3099, 0x30D0), (0x30CF, 0x309A, 0x30D1),
    (0x30D2, 0x3099, 0x30D3), (0x30D2, 0x309A, 0x30D4), (0x30D5, 0x3099, 0x30D6), (0x30D5, 0x309A, 0x30D7), (0x30D8, 0x3099, 0x30D9),
    (0x30D8, 0x309A, 0x30DA), (0x30DB, 0x3099, 0x30DC), (0x30DB, 0x309A, 0x30DD), (0x30EF, 0x3099, 0x30F7), (0x30F0, 0x3099, 0x30F8),
    (0x30F1, 0x3099, 0x30F9), (0x30F2, 0x3099, 0x30FA), (0x30FD, 0x3099, 0x30FE), (0x11099, 0x110BA, 0x1109A), (0x1109B, 0x110BA, 0x1109C),
    (0x110A5, 0x110BA, 0x110AB), (0x11131, 0x11127, 0x1112E), (0x11132, 0x11127, 0x1112F), (0x11347, 0x1133E, 0x1134B), (0x11347, 0x11357, 0x1134C),
    (0x114B9, 0x114B0, 0x114BC), (0x114B9, 0x114BA, 0x114BB), (0x114B9, 0x114BD, 0x114BE), (0x115B8, 0x115AF, 0x115BA), (0x115B9, 0x115AF, 0x115BB),
];

/// Characters that NFC may change or that may combine with a neighbour, inclusive ranges.
#[rustfmt::skip]
pub(crate) static NFC_MAYBE: &[(u32, u32)] = &[
    (0x300, 0x34E), (0x350, 0x36F), (0x374, 0x374), (0x37E, 0x37E), (0x387, 0x387), (0x483, 0x487), (0x591, 0x5BD),
    (0x5BF, 0x5BF), (0x5C1, 0x5C2), (0x5C4, 0x5C5), (0x5C7, 0x5C7), (0x610, 0x61A), (0x64B, 0x65F), (0x670, 0x670),
    (0x6D6, 0x6DC), (0x6DF, 0x6E4), (0x6E7, 0x6E8), (0x6EA, 0x6ED), (0x711, 0x711), (0x730, 0x74A), (0x7EB, 0x7F3),
    (0x816, 0x819), (0x81B, 0x823), (0x825, 0x827), (0x829, 0x82D), (0x859, 0x85B), (0x8D4, 0x8E1), (0x8E3, 0x8FF),
    (0x93C, 0x93C), (0x94D, 0x94D), (0x951, 0x954), (0x958, 0x95F), (0x9BC, 0x9BC), (0x9BE, 0x9BE), (0x9CD, 0x9CD),
    (0x9D7, 0x9D7), (0x9DC, 0x9DD), (0x9DF, 0x9DF), (0xA33, 0xA33), (0xA36, 0xA36), (0xA3C, 0xA3C), (0xA4D, 0xA4D),
    (0xA59, 0xA5B), (0xA5E, 0xA5E), (0xABC, 0xABC), (0xACD, 0xACD), (0xB3C, 0xB3C), (0xB3E, 0xB3E), (0xB4D, 0xB4D),
    (0xB56, 0xB57), (0xB5C, 0xB5D), (0xBBE, 0xBBE), (0xBCD, 0xBCD), (0xBD7, 0xBD7), (0xC4D, 0xC4D), (0xC55, 0xC56),
    (0xCBC, 0xCBC), (0xCC2, 0xCC2), (0xCCD, 0xCCD), (0xCD5, 0xCD6), (0xD3E, 0xD3E), (0xD4D, 0xD4D), (0xD57, 0xD57),
    (0xDCA, 0xDCA), (0xDCF, 0xDCF), (0xDDF, 0xDDF), (0xE38, 0xE3A), (0xE48, 0xE4B), (0xEB8, 0xEB9), (0xEC8, 0xECB),
    (0xF18, 0xF19), (0xF35, 0xF35), (0xF37, 0xF37), (0xF39, 0xF39), (0xF43, 0xF43), (0xF4D, 0xF4D), (0xF52, 0xF52),
    (0xF57, 0xF57), (0xF5C, 0xF5C), (0xF69, 0xF69), (0xF71, 0xF76), (0xF78, 0xF78), (0xF7A, 0xF7D), (0xF80, 0xF84),
    (0xF86, 0xF87), (0xF93, 0xF93), (0xF9D, 0xF9D), (0xFA2, 0xFA2), (0xFA7, 0xFA7), (0xFAC, 0xFAC), (0xFB9, 0xFB9),
    (0xFC6, 0xFC6), (0x102E, 0x102E), (0x1037, 0x1037), (0x1039, 0x103A), (0x108D, 0x108D), (0x1161, 0x1175), (0x11A8, 0x11C2),
    (0x135D, 0x135F), (0x1714, 0x1714), (0x1734, 0x1734), (0x17D2, 0x17D2), (0x17DD, 0x17DD), (0x18A9, 0x18A9), (0x1939, 0x193B),
    (0x1A17, 0x1A18), (0x1A60, 0x1A60), (0x1A75, 0x1A7C), (0x1A7F, 0x1A7F), (0x1AB0, 0x1ABD), (0x1B34, 0x1B35), (0x1B44, 0x1B44),
    (0x1B6B, 0x1B73), (0x1BAA, 0x1BAB), (0x1BE6, 0x1BE6), (0x1BF2, 0x1BF3), (0x1C37, 0x1C37), (0x1CD0, 0x1CD2), (0x1CD4, 0x1CE0),
    (0x1CE2, 0x1CE8), (0x1CED, 0x1CED), (0x1CF4, 0x1CF4), (0x1CF8, 0x1CF9), (0x1DC0, 0x1DF5), (0x1DFB, 0x1DFF), (0x1F71, 0x1F71),
    (0x1F73, 0x1F73), (0x1F75, 0x1F75), (0x1F77, 0x1F77), (0x1F79, 0x1F79), (0x1F7B, 0x1F7B), (0x1F7D, 0x1F7D), (0x1FBB, 0x1FBB),
    (0x1FBE, 0x1FBE), (0x1FC9, 0x1FC9), (0x1FCB, 0x1FCB), (0x1FD3, 0x1FD3), (0x1FDB, 0x1FDB), (0x1FE3, 0x1FE3), (0x1FEB, 0x1FEB),
    (0x1FEE, 0x1FEF), (0x1FF9, 0x1FF9), (0x1FFB, 0x1FFB), (0x1FFD, 0x1FFD), (0x2000, 0x2001), (0x20D0, 0x20DC), (0x20E1, 0x20E1),
    (0x20E5, 0x20F0), (0x2126, 0x2126), (0x212A, 0x212B), (0x2329, 0x232A), (0x2ADC, 0x2ADC), (0x2CEF, 0x2CF1), (0x2D7F, 0x2D7F),
    (0x2DE0, 0x2DFF), (0x302A, 0x302F), (0x3099, 0x309A), (0xA66F, 0xA66F), (0xA674, 0xA67D), (0xA69E, 0xA69F), (0xA6F0, 0xA6F1),
    (0xA806, 0xA806), (0xA8C4, 0xA8C4), (0xA8E0, 0xA8F1), (0xA92B, 0xA92D), (0xA953, 0xA953), (0xA9B3, 0xA9B3), (0xA9C0, 0xA9C0),
    (0xAAB0, 0xAAB0), (0xAAB2, 0xAAB4), (0xAAB7, 0xAAB8), (0xAABE, 0xAABF), (0xAAC1, 0xAAC1), (0xAAF6, 0xAAF6), (0xABED, 0xABED),
    (0xF900, 0xFA0D), (0xFA10, 0xFA10), (0xFA12, 0xFA12), (0xFA15, 0xFA1E), (0xFA20, 0xFA20), (0xFA22, 0xFA22), (0xFA25, 0xFA26),
    (0xFA2A, 0xFA6D), (0xFA70, 0xFAD9), (0xFB1D, 0xFB1F), (0xFB2A, 0xFB36), (0xFB38, 0xFB3C), (0xFB3E, 0xFB3E), (0xFB40, 0xFB41),
    (0xFB43, 0xFB44), (0xFB46, 0xFB4E), (0xFE20, 0xFE2F), (0x101FD, 0x101FD), (0x102E0, 0x102E0), (0x10376, 0x1037A), (0x10A0D, 0x10A0D),
    (0x10A0F, 0x10A0F), (0x10A38, 0x10A3A), (0x10A3F, 0x10A3F), (0x10AE5, 0x10AE6), (0x11046, 0x11046), (0x1107F, 0x1107F), (0x110B9, 0x110BA),
    (0x11100, 0x11102), (0x11127, 0x11127), (0x11133, 0x11134), (0x11173, 0x11173), (0x111C0, 0x111C0), (0x111CA, 0x111CA), (0x11235, 0x11236),
    (0x112E9, 0x112EA), (0x1133C, 0x1133C), (0x1133E, 0x1133E), (0x1134D, 0x1134D), (0x11357, 0x11357), (0x11366, 0x1136C), (0x11370, 0x11374),
    (0x11442, 0x11442), (0x11446, 0x11446), (0x114B0, 0x114B0), (0x114BA, 0x114BA), (0x114BD, 0x114BD), (0x114C2, 0x114C3), (0x115AF, 0x115AF),
    (0x115BF, 0x115C0), (0x1163F, 0x1163F), (0x116B6, 0x116B7), (0x1172B, 0x1172B), (0x11C3F, 0x11C3F), (0x16AF0, 0x16AF4), (0x16B30, 0x16B36),
    (0x1BC9E, 0x1BC9E), (0x1D15E, 0x1D169), (0x1D16D, 0x1D172), (0x1D17B, 0x1D182), (0x1D185, 0x1D18B), (0x1D1AA, 0x1D1AD), (0x1D1BB, 0x1D1C0),
    (0x1D242, 0x1D244), (0x1E000, 0x1E006), (0x1E008, 0x1E018), (0x1E01B, 0x1E021), (0x1E023, 0x1E024), (0x1E026, 0x1E02A), (0x1E8D0, 0x1E8D6),
    (0x1E944, 0x1E94A), (0x2F800, 0x2FA1D),
];
